timestamp,city,aqi,aqi_category,pm25,pm10,o3,no2,so2,co,temperature,humidity,wind_speed,hour,day_of_week,month,is_weekend
4/17/2026 1:12,karachi,161,Unhealthy,161,,,,,,31.0,3.0,5.1,1,4,4,0
4/17/2026 1:13,karachi,161,Unhealthy,161,,,,,,31.0,3.0,5.1,1,4,4,0
4/17/2026 1:37,islamabad,154,Unhealthy,154,,,,,,12.0,48.6,2.0,1,4,4,0
4/17/2026 1:37,new york,61,Moderate,61,,,,,,30.5,63.0,3.5,1,4,4,0
4/17/2026 1:38,karachi,161,Unhealthy,161,,,,,,31.0,3.0,5.1,1,4,4,0
4/19/2026 16:57,karachi,161,Unhealthy,161,,,,,,31.0,3.0,5.1,16,6,4,1
4/19/2026 17:28,karachi,161,Unhealthy,161,,,,,,31.0,3.0,5.1,17,6,4,1
4/19/2026 18:35,karachi,161,Unhealthy,161,,,,,,31.0,3.0,5.1,18,6,4,1
4/19/2026 19:35,karachi,161,Unhealthy,161,,,,,,31.0,3.0,5.1,19,6,4,1
4/19/2026 20:27,karachi,161,Unhealthy,161,,,,,,31.0,3.0,5.1,20,6,4,1
4/19/2026 21:27,karachi,161,Unhealthy,161,,,,,,31.0,3.0,5.1,21,6,4,1
4/19/2026 22:25,karachi,161,Unhealthy,161,,,,,,31.0,3.0,5.1,22,6,4,1
4/19/2026 23:28,karachi,161,Unhealthy,161,,,,,,31.0,3.0,5.1,23,6,4,1
4/20/2026 1:49,karachi,161,Unhealthy,161,,,,,,31.0,3.0,5.1,1,0,4,0
4/20/2026 4:51,karachi,161,Unhealthy,161,,,,,,31.0,3.0,5.1,4,0,4,0
4/20/2026 7:11,karachi,161,Unhealthy,161,,,,,,31.0,3.0,5.1,7,0,4,0
4/20/2026 9:49,karachi,161,Unhealthy,161,,,,,,31.0,3.0,5.1,9,0,4,0
4/20/2026 11:12,karachi,161,Unhealthy,161,,,,,,31.0,3.0,5.1,11,0,4,0
4/20/2026 13:07,karachi,161,Unhealthy,161,,,,,,31.0,3.0,5.1,13,0,4,0
4/20/2026 15:10,karachi,161,Unhealthy,161,,,,,,31.0,3.0,5.1,15,0,4,0
4/20/2026 16:55,karachi,161,Unhealthy,161,,,,,,31.0,3.0,5.1,16,0,4,0
4/20/2026 17:52,karachi,161,Unhealthy,161,,,,,,31.0,3.0,5.1,17,0,4,0
4/20/2026 18:52,karachi,161,Unhealthy,161,,,,,,31.0,3.0,5.1,18,0,4,0
4/20/2026 19:55,karachi,161,Unhealthy,161,,,,,,31.0,3.0,5.1,19,0,4,0
4/20/2026 20:38,karachi,161,Unhealthy,161,,,,,,31.0,3.0,5.1,20,0,4,0
4/20/2026 21:38,karachi,161,Unhealthy,161,,,,,,31.0,3.0,5.1,21,0,4,0
4/20/2026 22:34,karachi,161,Unhealthy,161,,,,,,31.0,3.0,5.1,22,0,4,0
4/20/2026 23:35,karachi,161,Unhealthy,161,,,,,,31.0,3.0,5.1,23,0,4,0
4/21/2026 1:45,karachi,161,Unhealthy,161,,,,,,31.0,3.0,5.1,1,1,4,0
4/21/2026 4:41,karachi,161,Unhealthy,161,,,,,,31.0,3.0,5.1,4,1,4,0
4/21/2026 6:29,karachi,161,Unhealthy,161,,,,,,31.0,3.0,5.1,6,1,4,0
4/21/2026 8:27,karachi,161,Unhealthy,161,,,,,,31.0,3.0,5.1,8,1,4,0
4/21/2026 10:12,karachi,161,Unhealthy,161,,,,,,31.0,3.0,5.1,10,1,4,0
4/21/2026 11:54,karachi,161,Unhealthy,161,,,,,,31.0,3.0,5.1,11,1,4,0
4/21/2026 13:01,karachi,161,Unhealthy,161,,,,,,31.0,3.0,5.1,13,1,4,0
4/21/2026 15:04,karachi,161,Unhealthy,161,,,,,,31.0,3.0,5.1,15,1,4,0
4/21/2026 16:49,karachi,161,Unhealthy,161,,,,,,31.0,3.0,5.1,16,1,4,0
4/21/2026 17:53,karachi,161,Unhealthy,161,,,,,,31.0,3.0,5.1,17,1,4,0
4/21/2026 18:58,karachi,161,Unhealthy,161,,,,,,31.0,3.0,5.1,18,1,4,0
4/21/2026 20:03,karachi,161,Unhealthy,161,,,,,,31.0,3.0,5.1,20,1,4,0
4/21/2026 21:37,karachi,161,Unhealthy,161,,,,,,31.0,3.0,5.1,21,1,4,0
4/21/2026 22:31,karachi,161,Unhealthy,161,,,,,,31.0,3.0,5.1,22,1,4,0
4/21/2026 23:28,karachi,161,Unhealthy,161,,,,,,31.0,3.0,5.1,23,1,4,0
4/22/2026 1:29,karachi,161,Unhealthy,161,,,,,,31.0,3.0,5.1,1,2,4,0
4/22/2026 4:39,karachi,161,Unhealthy,161,,,,,,31.0,3.0,5.1,4,2,4,0
4/22/2026 6:30,karachi,161,Unhealthy,161,,,,,,31.0,3.0,5.1,6,2,4,0
4/22/2026 8:25,karachi,161,Unhealthy,161,,,,,,31.0,3.0,5.1,8,2,4,0
4/22/2026 10:12,karachi,161,Unhealthy,161,,,,,,31.0,3.0,5.1,10,2,4,0
4/22/2026 11:53,karachi,161,Unhealthy,161,,,,,,31.0,3.0,5.1,11,2,4,0
4/22/2026 13:02,karachi,161,Unhealthy,161,,,,,,31.0,3.0,5.1,13,2,4,0
4/22/2026 15:06,karachi,161,Unhealthy,161,,,,,,31.0,3.0,5.1,15,2,4,0
4/22/2026 16:49,karachi,161,Unhealthy,161,,,,,,31.0,3.0,5.1,16,2,4,0
4/22/2026 17:53,karachi,161,Unhealthy,161,,,,,,31.0,3.0,5.1,17,2,4,0
4/22/2026 18:59,karachi,161,Unhealthy,161,,,,,,31.0,3.0,5.1,18,2,4,0
4/22/2026 20:06,karachi,161,Unhealthy,161,,,,,,31.0,3.0,5.1,20,2,4,0
4/22/2026 21:42,karachi,161,Unhealthy,161,,,,,,31.0,3.0,5.1,21,2,4,0
4/22/2026 22:39,karachi,161,Unhealthy,161,,,,,,31.0,3.0,5.1,22,2,4,0
4/22/2026 23:39,karachi,161,Unhealthy,161,,,,,,31.0,3.0,5.1,23,2,4,0
4/23/2026 1:48,karachi,161,Unhealthy,161,,,,,,31.0,3.0,5.1,1,3,4,0
4/23/2026 4:44,karachi,161,Unhealthy,161,,,,,,31.0,3.0,5.1,4,3,4,0
4/23/2026 6:56,karachi,161,Unhealthy,161,,,,,,31.0,3.0,5.1,6,3,4,0
4/23/2026 8:50,karachi,161,Unhealthy,161,,,,,,31.0,3.0,5.1,8,3,4,0
4/23/2026 10:21,karachi,161,Unhealthy,161,,,,,,31.0,3.0,5.1,10,3,4,0
4/23/2026 11:54,karachi,161,Unhealthy,161,,,,,,31.0,3.0,5.1,11,3,4,0
4/23/2026 13:02,karachi,161,Unhealthy,161,,,,,,31.0,3.0,5.1,13,3,4,0
4/23/2026 15:30,karachi,161,Unhealthy,161,,,,,,31.0,3.0,5.1,15,3,4,0
4/23/2026 17:10,karachi,161,Unhealthy,161,,,,,,31.0,3.0,5.1,17,3,4,0
4/23/2026 18:56,karachi,161,Unhealthy,161,,,,,,31.0,3.0,5.1,18,3,4,0
4/23/2026 20:03,karachi,161,Unhealthy,161,,,,,,31.0,3.0,5.1,20,3,4,0
4/23/2026 21:38,karachi,161,Unhealthy,161,,,,,,31.0,3.0,5.1,21,3,4,0
4/23/2026 22:35,karachi,161,Unhealthy,161,,,,,,31.0,3.0,5.1,22,3,4,0
4/23/2026 23:36,karachi,161,Unhealthy,161,,,,,,31.0,3.0,5.1,23,3,4,0
4/24/2026 1:48,karachi,161,Unhealthy,161,,,,,,31.0,3.0,5.1,1,4,4,0
4/24/2026 4:48,karachi,161,Unhealthy,161,,,,,,31.0,3.0,5.1,4,4,4,0
4/24/2026 7:00,karachi,161,Unhealthy,161,,,,,,31.0,3.0,5.1,7,4,4,0
4/24/2026 9:02,karachi,161,Unhealthy,161,,,,,,31.0,3.0,5.1,9,4,4,0
4/24/2026 10:58,karachi,161,Unhealthy,161,,,,,,31.0,3.0,5.1,10,4,4,0
4/24/2026 11:57,karachi,161,Unhealthy,161,,,,,,31.0,3.0,5.1,11,4,4,0
4/24/2026 13:16,karachi,161,Unhealthy,161,,,,,,31.0,3.0,5.1,13,4,4,0
4/24/2026 15:01,karachi,161,Unhealthy,161,,,,,,31.0,3.0,5.1,15,4,4,0
4/24/2026 16:45,karachi,161,Unhealthy,161,,,,,,31.0,3.0,5.1,16,4,4,0
4/24/2026 17:43,karachi,161,Unhealthy,161,,,,,,31.0,3.0,5.1,17,4,4,0
4/24/2026 18:37,karachi,161,Unhealthy,161,,,,,,31.0,3.0,5.1,18,4,4,0
4/24/2026 19:44,karachi,161,Unhealthy,161,,,,,,31.0,3.0,5.1,19,4,4,0
4/24/2026 20:36,karachi,161,Unhealthy,161,,,,,,31.0,3.0,5.1,20,4,4,0
4/24/2026 21:39,karachi,161,Unhealthy,161,,,,,,31.0,3.0,5.1,21,4,4,0
4/24/2026 22:32,karachi,161,Unhealthy,161,,,,,,31.0,3.0,5.1,22,4,4,0
4/24/2026 23:32,karachi,161,Unhealthy,161,,,,,,31.0,3.0,5.1,23,4,4,0
4/25/2026 1:27,karachi,161,Unhealthy,161,,,,,,31.0,3.0,5.1,1,5,4,1
4/25/2026 4:29,karachi,161,Unhealthy,161,,,,,,31.0,3.0,5.1,4,5,4,1
4/25/2026 6:15,karachi,161,Unhealthy,161,,,,,,31.0,3.0,5.1,6,5,4,1
4/25/2026 8:00,karachi,161,Unhealthy,161,,,,,,31.0,3.0,5.1,8,5,4,1
4/25/2026 9:42,karachi,161,Unhealthy,161,,,,,,31.0,3.0,5.1,9,5,4,1
4/25/2026 10:36,karachi,161,Unhealthy,161,,,,,,31.0,3.0,5.1,10,5,4,1
4/25/2026 11:32,karachi,161,Unhealthy,161,,,,,,31.0,3.0,5.1,11,5,4,1
4/25/2026 12:41,karachi,161,Unhealthy,161,,,,,,31.0,3.0,5.1,12,5,4,1
4/25/2026 13:58,karachi,161,Unhealthy,161,,,,,,31.0,3.0,5.1,13,5,4,1
4/25/2026 14:40,karachi,161,Unhealthy,161,,,,,,31.0,3.0,5.1,14,5,4,1
4/25/2026 15:32,karachi,161,Unhealthy,161,,,,,,31.0,3.0,5.1,15,5,4,1
4/25/2026 16:31,karachi,161,Unhealthy,161,,,,,,31.0,3.0,5.1,16,5,4,1
4/25/2026 17:31,karachi,161,Unhealthy,161,,,,,,31.0,3.0,5.1,17,5,4,1
4/25/2026 18:36,karachi,161,Unhealthy,161,,,,,,31.0,3.0,5.1,18,5,4,1
4/25/2026 19:38,karachi,161,Unhealthy,161,,,,,,31.0,3.0,5.1,19,5,4,1
4/25/2026 20:29,karachi,161,Unhealthy,161,,,,,,31.0,3.0,5.1,20,5,4,1
4/25/2026 21:28,karachi,161,Unhealthy,161,,,,,,31.0,3.0,5.1,21,5,4,1
4/25/2026 22:26,karachi,161,Unhealthy,161,,,,,,31.0,3.0,5.1,22,5,4,1
4/25/2026 23:29,karachi,161,Unhealthy,161,,,,,,31.0,3.0,5.1,23,5,4,1
4/26/2026 1:50,karachi,161,Unhealthy,161,,,,,,31.0,3.0,5.1,1,6,4,1
4/26/2026 4:52,karachi,161,Unhealthy,161,,,,,,31.0,3.0,5.1,4,6,4,1
4/26/2026 6:55,karachi,161,Unhealthy,161,,,,,,31.0,3.0,5.1,6,6,4,1
4/26/2026 8:12,karachi,161,Unhealthy,161,,,,,,31.0,3.0,5.1,8,6,4,1
4/26/2026 9:44,karachi,161,Unhealthy,161,,,,,,31.0,3.0,5.1,9,6,4,1
4/26/2026 10:37,karachi,161,Unhealthy,161,,,,,,31.0,3.0,5.1,10,6,4,1
4/26/2026 11:33,karachi,161,Unhealthy,161,,,,,,31.0,3.0,5.1,11,6,4,1
4/26/2026 12:43,karachi,161,Unhealthy,161,,,,,,31.0,3.0,5.1,12,6,4,1
4/26/2026 13:59,karachi,161,Unhealthy,161,,,,,,31.0,3.0,5.1,13,6,4,1
4/26/2026 14:49,karachi,161,Unhealthy,161,,,,,,31.0,3.0,5.1,14,6,4,1
4/26/2026 15:34,karachi,161,Unhealthy,161,,,,,,31.0,3.0,5.1,15,6,4,1
4/26/2026 16:32,karachi,161,Unhealthy,161,,,,,,31.0,3.0,5.1,16,6,4,1
4/26/2026 17:31,karachi,161,Unhealthy,161,,,,,,31.0,3.0,5.1,17,6,4,1
4/26/2026 18:37,karachi,161,Unhealthy,161,,,,,,31.0,3.0,5.1,18,6,4,1
4/26/2026 19:39,karachi,161,Unhealthy,161,,,,,,31.0,3.0,5.1,19,6,4,1
4/26/2026 20:29,karachi,161,Unhealthy,161,,,,,,31.0,3.0,5.1,20,6,4,1
4/26/2026 21:29,karachi,161,Unhealthy,161,,,,,,31.0,3.0,5.1,21,6,4,1
4/26/2026 22:28,karachi,161,Unhealthy,161,,,,,,31.0,3.0,5.1,22,6,4,1
4/26/2026 23:30,karachi,161,Unhealthy,161,,,,,,31.0,3.0,5.1,23,6,4,1
4/27/2026 1:53,karachi,161,Unhealthy,161,,,,,,31.0,3.0,5.1,1,0,4,0
4/27/2026 5:15,karachi,161,Unhealthy,161,,,,,,31.0,3.0,5.1,5,0,4,0
4/27/2026 8:06,karachi,161,Unhealthy,161,,,,,,31.0,3.0,5.1,8,0,4,0
4/27/2026 10:53,karachi,161,Unhealthy,161,,,,,,31.0,3.0,5.1,10,0,4,0
4/27/2026 12:16,karachi,161,Unhealthy,161,,,,,,31.0,3.0,5.1,12,0,4,0
4/27/2026 14:58,karachi,161,Unhealthy,161,,,,,,31.0,3.0,5.1,14,0,4,0
4/27/2026 16:25,karachi,161,Unhealthy,161,,,,,,31.0,3.0,5.1,16,0,4,0
4/27/2026 18:00,karachi,161,Unhealthy,161,,,,,,31.0,3.0,5.1,18,0,4,0
4/27/2026 20:03,karachi,161,Unhealthy,161,,,,,,31.0,3.0,5.1,20,0,4,0
4/27/2026 21:46,karachi,161,Unhealthy,161,,,,,,31.0,3.0,5.1,21,0,4,0
4/27/2026 22:40,karachi,161,Unhealthy,161,,,,,,31.0,3.0,5.1,22,0,4,0
4/27/2026 23:43,karachi,161,Unhealthy,161,,,,,,31.0,3.0,5.1,23,0,4,0
4/28/2026 2:01,karachi,161,Unhealthy,161,,,,,,31.0,3.0,5.1,2,1,4,0
4/28/2026 5:50,karachi,161,Unhealthy,161,,,,,,31.0,3.0,5.1,5,1,4,0
4/28/2026 8:07,karachi,161,Unhealthy,161,,,,,,31.0,3.0,5.1,8,1,4,0
4/28/2026 10:55,karachi,161,Unhealthy,161,,,,,,31.0,3.0,5.1,10,1,4,0
4/28/2026 12:21,karachi,161,Unhealthy,161,,,,,,31.0,3.0,5.1,12,1,4,0
4/28/2026 17:30,karachi,161,Unhealthy,161,,,,,,31.0,3.0,5.1,17,1,4,0
4/28/2026 19:20,karachi,161,Unhealthy,161,,,,,,31.0,3.0,5.1,19,1,4,0
4/28/2026 20:59,karachi,161,Unhealthy,161,,,,,,31.0,3.0,5.1,20,1,4,0
4/28/2026 22:00,karachi,161,Unhealthy,161,,,,,,31.0,3.0,5.1,22,1,4,0
4/28/2026 23:44,karachi,161,Unhealthy,161,,,,,,31.0,3.0,5.1,23,1,4,0
4/29/2026 2:03,karachi,161,Unhealthy,161,,,,,,31.0,3.0,5.1,2,2,4,0
4/29/2026 5:45,karachi,161,Unhealthy,161,,,,,,31.0,3.0,5.1,5,2,4,0
4/29/2026 8:01,karachi,161,Unhealthy,161,,,,,,31.0,3.0,5.1,8,2,4,0
4/29/2026 10:46,karachi,161,Unhealthy,161,,,,,,31.0,3.0,5.1,10,2,4,0
4/29/2026 12:11,karachi,161,Unhealthy,161,,,,,,31.0,3.0,5.1,12,2,4,0
4/29/2026 15:04,karachi,161,Unhealthy,161,,,,,,31.0,3.0,5.1,15,2,4,0
4/29/2026 17:18,karachi,161,Unhealthy,161,,,,,,31.0,3.0,5.1,17,2,4,0
4/29/2026 19:09,karachi,161,Unhealthy,161,,,,,,31.0,3.0,5.1,19,2,4,0
4/29/2026 20:53,karachi,161,Unhealthy,161,,,,,,31.0,3.0,5.1,20,2,4,0
4/29/2026 21:53,karachi,161,Unhealthy,161,,,,,,31.0,3.0,5.1,21,2,4,0
4/29/2026 22:47,karachi,161,Unhealthy,161,,,,,,31.0,3.0,5.1,22,2,4,0
4/29/2026 23:44,karachi,161,Unhealthy,161,,,,,,31.0,3.0,5.1,23,2,4,0
4/30/2026 2:02,karachi,161,Unhealthy,161,,,,,,31.0,3.0,5.1,2,3,4,0
4/30/2026 5:49,karachi,161,Unhealthy,161,,,,,,31.0,3.0,5.1,5,3,4,0
4/30/2026 8:05,karachi,161,Unhealthy,161,,,,,,31.0,3.0,5.1,8,3,4,0
4/30/2026 10:46,karachi,161,Unhealthy,161,,,,,,31.0,3.0,5.1,10,3,4,0
4/30/2026 12:08,karachi,161,Unhealthy,161,,,,,,31.0,3.0,5.1,12,3,4,0
4/30/2026 15:00,karachi,161,Unhealthy,161,,,,,,31.0,3.0,5.1,15,3,4,0
4/30/2026 16:23,karachi,161,Unhealthy,161,,,,,,31.0,3.0,5.1,16,3,4,0
4/30/2026 18:04,karachi,161,Unhealthy,161,,,,,,31.0,3.0,5.1,18,3,4,0
4/30/2026 20:05,karachi,161,Unhealthy,161,,,,,,31.0,3.0,5.1,20,3,4,0
4/30/2026 21:48,karachi,161,Unhealthy,161,,,,,,31.0,3.0,5.1,21,3,4,0
4/30/2026 22:42,karachi,161,Unhealthy,161,,,,,,31.0,3.0,5.1,22,3,4,0
4/30/2026 23:42,karachi,161,Unhealthy,161,,,,,,31.0,3.0,5.1,23,3,4,0
5/1/2026 2:05,karachi,161,Unhealthy,161,,,,,,31.0,3.0,5.1,2,4,5,0
5/1/2026 5:59,karachi,161,Unhealthy,161,,,,,,31.0,3.0,5.1,5,4,5,0
5/1/2026 8:17,karachi,161,Unhealthy,161,,,,,,31.0,3.0,5.1,8,4,5,0
5/1/2026 10:16,karachi,161,Unhealthy,161,,,,,,31.0,3.0,5.1,10,4,5,0
5/1/2026 11:51,karachi,161,Unhealthy,161,,,,,,31.0,3.0,5.1,11,4,5,0
5/1/2026 12:56,karachi,161,Unhealthy,161,,,,,,31.0,3.0,5.1,12,4,5,0
5/1/2026 14:15,karachi,161,Unhealthy,161,,,,,,31.0,3.0,5.1,14,4,5,0
5/1/2026 15:46,karachi,161,Unhealthy,161,,,,,,31.0,3.0,5.1,15,4,5,0
5/1/2026 16:44,karachi,161,Unhealthy,161,,,,,,31.0,3.0,5.1,16,4,5,0
5/1/2026 17:50,karachi,161,Unhealthy,161,,,,,,31.0,3.0,5.1,17,4,5,0
5/1/2026 18:58,karachi,161,Unhealthy,161,,,,,,31.0,3.0,5.1,18,4,5,0
5/1/2026 20:03,karachi,161,Unhealthy,161,,,,,,31.0,3.0,5.1,20,4,5,0
5/1/2026 21:43,karachi,161,Unhealthy,161,,,,,,31.0,3.0,5.1,21,4,5,0
5/1/2026 22:40,karachi,161,Unhealthy,161,,,,,,31.0,3.0,5.1,22,4,5,0
5/1/2026 23:42,karachi,161,Unhealthy,161,,,,,,31.0,3.0,5.1,23,4,5,0
5/2/2026 1:53,karachi,161,Unhealthy,161,,,,,,31.0,3.0,5.1,1,5,5,1
5/2/2026 4:53,karachi,161,Unhealthy,161,,,,,,31.0,3.0,5.1,4,5,5,1
5/2/2026 6:57,karachi,161,Unhealthy,161,,,,,,31.0,3.0,5.1,6,5,5,1
5/2/2026 8:20,karachi,161,Unhealthy,161,,,,,,31.0,3.0,5.1,8,5,5,1
5/2/2026 9:54,karachi,161,Unhealthy,161,,,,,,31.0,3.0,5.1,9,5,5,1
5/2/2026 10:42,karachi,161,Unhealthy,161,,,,,,31.0,3.0,5.1,10,5,5,1
5/2/2026 11:38,karachi,161,Unhealthy,161,,,,,,31.0,3.0,5.1,11,5,5,1
5/2/2026 12:47,karachi,161,Unhealthy,161,,,,,,31.0,3.0,5.1,12,5,5,1
5/2/2026 14:05,karachi,161,Unhealthy,161,,,,,,31.0,3.0,5.1,14,5,5,1
5/2/2026 15:38,karachi,161,Unhealthy,161,,,,,,31.0,3.0,5.1,15,5,5,1
5/2/2026 16:36,karachi,161,Unhealthy,161,,,,,,31.0,3.0,5.1,16,5,5,1
5/2/2026 17:37,karachi,161,Unhealthy,161,,,,,,31.0,3.0,5.1,17,5,5,1
5/2/2026 18:43,karachi,161,Unhealthy,161,,,,,,31.0,3.0,5.1,18,5,5,1
5/2/2026 19:47,karachi,161,Unhealthy,161,,,,,,31.0,3.0,5.1,19,5,5,1
5/2/2026 20:32,karachi,161,Unhealthy,161,,,,,,31.0,3.0,5.1,20,5,5,1
5/2/2026 21:32,karachi,161,Unhealthy,161,,,,,,31.0,3.0,5.1,21,5,5,1
5/2/2026 22:31,karachi,161,Unhealthy,161,,,,,,31.0,3.0,5.1,22,5,5,1
5/2/2026 23:34,karachi,161,Unhealthy,161,,,,,,31.0,3.0,5.1,23,5,5,1
5/3/2026 1:56,karachi,161,Unhealthy,161,,,,,,31.0,3.0,5.1,1,6,5,1
5/3/2026 5:25,karachi,161,Unhealthy,161,,,,,,31.0,3.0,5.1,5,6,5,1
5/3/2026 7:48,karachi,161,Unhealthy,161,,,,,,31.0,3.0,5.1,7,6,5,1
5/3/2026 9:14,karachi,161,Unhealthy,161,,,,,,31.0,3.0,5.1,9,6,5,1
5/3/2026 10:44,karachi,161,Unhealthy,161,,,,,,31.0,3.0,5.1,10,6,5,1
5/3/2026 11:35,karachi,161,Unhealthy,161,,,,,,31.0,3.0,5.1,11,6,5,1
5/3/2026 12:47,karachi,161,Unhealthy,161,,,,,,31.0,3.0,5.1,12,6,5,1
5/3/2026 14:06,karachi,161,Unhealthy,161,,,,,,31.0,3.0,5.1,14,6,5,1
5/3/2026 15:38,karachi,161,Unhealthy,161,,,,,,31.0,3.0,5.1,15,6,5,1
5/3/2026 16:37,karachi,161,Unhealthy,161,,,,,,31.0,3.0,5.1,16,6,5,1
5/3/2026 17:39,karachi,161,Unhealthy,161,,,,,,31.0,3.0,5.1,17,6,5,1
5/3/2026 18:43,karachi,161,Unhealthy,161,,,,,,31.0,3.0,5.1,18,6,5,1
5/3/2026 19:46,karachi,161,Unhealthy,161,,,,,,31.0,3.0,5.1,19,6,5,1
5/3/2026 20:33,karachi,161,Unhealthy,161,,,,,,31.0,3.0,5.1,20,6,5,1
5/3/2026 21:33,karachi,161,Unhealthy,161,,,,,,31.0,3.0,5.1,21,6,5,1
5/3/2026 22:31,karachi,161,Unhealthy,161,,,,,,31.0,3.0,5.1,22,6,5,1
5/3/2026 23:35,karachi,161,Unhealthy,161,,,,,,31.0,3.0,5.1,23,6,5,1
5/4/2026 1:57,karachi,161,Unhealthy,161,,,,,,31.0,3.0,5.1,1,0,5,0
5/4/2026 5:33,karachi,161,Unhealthy,161,,,,,,31.0,3.0,5.1,5,0,5,0
5/4/2026 8:17,karachi,161,Unhealthy,161,,,,,,31.0,3.0,5.1,8,0,5,0
5/4/2026 10:56,karachi,161,Unhealthy,161,,,,,,31.0,3.0,5.1,10,0,5,0
5/4/2026 12:19,karachi,161,Unhealthy,161,,,,,,31.0,3.0,5.1,12,0,5,0
5/4/2026 15:04,karachi,161,Unhealthy,161,,,,,,31.0,3.0,5.1,15,0,5,0
5/4/2026 17:22,karachi,161,Unhealthy,161,,,,,,31.0,3.0,5.1,17,0,5,0
5/4/2026 19:15,karachi,161,Unhealthy,161,,,,,,31.0,3.0,5.1,19,0,5,0
5/4/2026 20:58,karachi,161,Unhealthy,161,,,,,,31.0,3.0,5.1,20,0,5,0
5/4/2026 22:01,karachi,161,Unhealthy,161,,,,,,31.0,3.0,5.1,22,0,5,0
5/4/2026 23:43,karachi,161,Unhealthy,161,,,,,,31.0,3.0,5.1,23,0,5,0
5/5/2026 1:57,karachi,161,Unhealthy,161,,,,,,31.0,3.0,5.1,1,1,5,0
5/5/2026 4:58,karachi,161,Unhealthy,161,,,,,,31.0,3.0,5.1,4,1,5,0
5/5/2026 7:18,karachi,161,Unhealthy,161,,,,,,31.0,3.0,5.1,7,1,5,0
5/5/2026 9:53,karachi,161,Unhealthy,161,,,,,,31.0,3.0,5.1,9,1,5,0
5/5/2026 11:11,karachi,161,Unhealthy,161,,,,,,31.0,3.0,5.1,11,1,5,0
5/5/2026 13:14,karachi,161,Unhealthy,161,,,,,,31.0,3.0,5.1,13,1,5,0
5/5/2026 15:30,karachi,161,Unhealthy,161,,,,,,31.0,3.0,5.1,15,1,5,0
5/5/2026 17:14,karachi,161,Unhealthy,161,,,,,,31.0,3.0,5.1,17,1,5,0
5/5/2026 19:05,karachi,161,Unhealthy,161,,,,,,31.0,3.0,5.1,19,1,5,0
5/5/2026 20:54,karachi,161,Unhealthy,161,,,,,,31.0,3.0,5.1,20,1,5,0
5/5/2026 21:54,karachi,161,Unhealthy,161,,,,,,31.0,3.0,5.1,21,1,5,0
5/5/2026 22:47,karachi,161,Unhealthy,161,,,,,,31.0,3.0,5.1,22,1,5,0
5/5/2026 23:40,karachi,161,Unhealthy,161,,,,,,31.0,3.0,5.1,23,1,5,0
5/6/2026 1:56,karachi,161,Unhealthy,161,,,,,,31.0,3.0,5.1,1,2,5,0
5/6/2026 5:25,karachi,161,Unhealthy,161,,,,,,31.0,3.0,5.1,5,2,5,0
5/6/2026 8:08,karachi,161,Unhealthy,161,,,,,,31.0,3.0,5.1,8,2,5,0
5/6/2026 10:56,karachi,161,Unhealthy,161,,,,,,31.0,3.0,5.1,10,2,5,0
5/6/2026 12:25,karachi,161,Unhealthy,161,,,,,,31.0,3.0,5.1,12,2,5,0
5/6/2026 15:23,karachi,161,Unhealthy,161,,,,,,31.0,3.0,5.1,15,2,5,0
5/6/2026 17:22,karachi,161,Unhealthy,161,,,,,,31.0,3.0,5.1,17,2,5,0
5/6/2026 19:23,karachi,161,Unhealthy,161,,,,,,31.0,3.0,5.1,19,2,5,0
5/6/2026 21:03,karachi,161,Unhealthy,161,,,,,,31.0,3.0,5.1,21,2,5,0
5/6/2026 22:40,karachi,161,Unhealthy,161,,,,,,31.0,3.0,5.1,22,2,5,0
5/6/2026 23:41,karachi,161,Unhealthy,161,,,,,,31.0,3.0,5.1,23,2,5,0
5/7/2026 2:00,karachi,161,Unhealthy,161,,,,,,31.0,3.0,5.1,2,3,5,0
5/7/2026 5:35,karachi,161,Unhealthy,161,,,,,,31.0,3.0,5.1,5,3,5,0
5/7/2026 8:16,karachi,161,Unhealthy,161,,,,,,31.0,3.0,5.1,8,3,5,0
5/7/2026 11:01,karachi,161,Unhealthy,161,,,,,,31.0,3.0,5.1,11,3,5,0
5/7/2026 13:28,karachi,161,Unhealthy,161,,,,,,31.0,3.0,5.1,13,3,5,0
5/7/2026 15:59,karachi,161,Unhealthy,161,,,,,,31.0,3.0,5.1,15,3,5,0
5/7/2026 17:49,karachi,161,Unhealthy,161,,,,,,31.0,3.0,5.1,17,3,5,0
5/7/2026 19:26,karachi,161,Unhealthy,161,,,,,,31.0,3.0,5.1,19,3,5,0
5/7/2026 20:58,karachi,161,Unhealthy,161,,,,,,31.0,3.0,5.1,20,3,5,0
5/7/2026 21:56,karachi,161,Unhealthy,161,,,,,,31.0,3.0,5.1,21,3,5,0
5/7/2026 22:56,karachi,161,Unhealthy,161,,,,,,31.0,3.0,5.1,22,3,5,0
5/7/2026 23:48,karachi,161,Unhealthy,161,,,,,,31.0,3.0,5.1,23,3,5,0
5/8/2026 2:06,karachi,161,Unhealthy,161,,,,,,31.0,3.0,5.1,2,4,5,0
5/8/2026 5:22,karachi,161,Unhealthy,161,,,,,,31.0,3.0,5.1,5,4,5,0
5/8/2026 7:16,karachi,161,Unhealthy,161,,,,,,31.0,3.0,5.1,7,4,5,0
5/8/2026 9:06,karachi,161,Unhealthy,161,,,,,,31.0,3.0,5.1,9,4,5,0
5/8/2026 11:03,karachi,161,Unhealthy,161,,,,,,31.0,3.0,5.1,11,4,5,0
5/8/2026 13:09,karachi,161,Unhealthy,161,,,,,,31.0,3.0,5.1,13,4,5,0
5/8/2026 15:14,karachi,161,Unhealthy,161,,,,,,31.0,3.0,5.1,15,4,5,0
5/8/2026 17:02,karachi,161,Unhealthy,161,,,,,,31.0,3.0,5.1,17,4,5,0
5/8/2026 19:04,karachi,161,Unhealthy,161,,,,,,31.0,3.0,5.1,19,4,5,0
5/8/2026 20:46,karachi,161,Unhealthy,161,,,,,,31.0,3.0,5.1,20,4,5,0
5/8/2026 21:51,karachi,161,Unhealthy,161,,,,,,31.0,3.0,5.1,21,4,5,0
5/8/2026 22:45,karachi,161,Unhealthy,161,,,,,,31.0,3.0,5.1,22,4,5,0
5/8/2026 23:46,karachi,161,Unhealthy,161,,,,,,31.0,3.0,5.1,23,4,5,0
5/9/2026 2:00,karachi,161,Unhealthy,161,,,,,,31.0,3.0,5.1,2,5,5,1
5/9/2026 5:25,karachi,161,Unhealthy,161,,,,,,31.0,3.0,5.1,5,5,5,1
5/9/2026 7:43,karachi,161,Unhealthy,161,,,,,,31.0,3.0,5.1,7,5,5,1
5/9/2026 9:08,karachi,161,Unhealthy,161,,,,,,31.0,3.0,5.1,9,5,5,1
5/9/2026 10:48,karachi,161,Unhealthy,161,,,,,,31.0,3.0,5.1,10,5,5,1
5/9/2026 11:41,karachi,161,Unhealthy,161,,,,,,31.0,3.0,5.1,11,5,5,1
5/9/2026 12:54,karachi,161,Unhealthy,161,,,,,,31.0,3.0,5.1,12,5,5,1
5/9/2026 14:14,karachi,161,Unhealthy,161,,,,,,31.0,3.0,5.1,14,5,5,1
5/9/2026 15:41,karachi,161,Unhealthy,161,,,,,,31.0,3.0,5.1,15,5,5,1
5/9/2026 16:41,karachi,161,Unhealthy,161,,,,,,31.0,3.0,5.1,16,5,5,1
5/9/2026 17:41,karachi,161,Unhealthy,161,,,,,,31.0,3.0,5.1,17,5,5,1
5/9/2026 18:44,karachi,161,Unhealthy,161,,,,,,31.0,3.0,5.1,18,5,5,1
5/9/2026 19:50,karachi,161,Unhealthy,161,,,,,,31.0,3.0,5.1,19,5,5,1
5/9/2026 20:35,karachi,161,Unhealthy,161,,,,,,31.0,3.0,5.1,20,5,5,1
5/9/2026 21:35,karachi,161,Unhealthy,161,,,,,,31.0,3.0,5.1,21,5,5,1
5/9/2026 22:33,karachi,161,Unhealthy,161,,,,,,31.0,3.0,5.1,22,5,5,1
5/9/2026 23:37,karachi,161,Unhealthy,161,,,,,,31.0,3.0,5.1,23,5,5,1
5/10/2026 1:59,karachi,161,Unhealthy,161,,,,,,31.0,3.0,5.1,1,6,5,1
5/10/2026 5:39,karachi,161,Unhealthy,161,,,,,,31.0,3.0,5.1,5,6,5,1
5/10/2026 7:57,karachi,161,Unhealthy,161,,,,,,31.0,3.0,5.1,7,6,5,1
5/10/2026 9:26,karachi,161,Unhealthy,161,,,,,,31.0,3.0,5.1,9,6,5,1
5/10/2026 10:54,karachi,161,Unhealthy,161,,,,,,31.0,3.0,5.1,10,6,5,1
5/10/2026 11:42,karachi,161,Unhealthy,161,,,,,,31.0,3.0,5.1,11,6,5,1
5/10/2026 12:56,karachi,161,Unhealthy,161,,,,,,31.0,3.0,5.1,12,6,5,1
5/10/2026 14:18,karachi,161,Unhealthy,161,,,,,,31.0,3.0,5.1,14,6,5,1
5/10/2026 15:43,karachi,161,Unhealthy,161,,,,,,31.0,3.0,5.1,15,6,5,1
5/10/2026 16:42,karachi,161,Unhealthy,161,,,,,,31.0,3.0,5.1,16,6,5,1
5/10/2026 17:42,karachi,161,Unhealthy,161,,,,,,31.0,3.0,5.1,17,6,5,1
5/10/2026 18:47,karachi,161,Unhealthy,161,,,,,,31.0,3.0,5.1,18,6,5,1
5/10/2026 19:53,karachi,161,Unhealthy,161,,,,,,31.0,3.0,5.1,19,6,5,1
5/10/2026 20:38,karachi,161,Unhealthy,161,,,,,,31.0,3.0,5.1,20,6,5,1
5/10/2026 21:39,karachi,161,Unhealthy,161,,,,,,31.0,3.0,5.1,21,6,5,1
5/10/2026 22:36,karachi,161,Unhealthy,161,,,,,,31.0,3.0,5.1,22,6,5,1
5/10/2026 23:41,karachi,161,Unhealthy,161,,,,,,31.0,3.0,5.1,23,6,5,1
5/11/2026 2:09,karachi,161,Unhealthy,161,,,,,,31.0,3.0,5.1,2,0,5,0
5/11/2026 6:29,karachi,161,Unhealthy,161,,,,,,31.0,3.0,5.1,6,0,5,0
5/11/2026 10:29,karachi,161,Unhealthy,161,,,,,,31.0,3.0,5.1,10,0,5,0
5/11/2026 13:38,karachi,161,Unhealthy,161,,,,,,31.0,3.0,5.1,13,0,5,0
5/11/2026 16:24,karachi,161,Unhealthy,161,,,,,,31.0,3.0,5.1,16,0,5,0
5/11/2026 18:51,karachi,161,Unhealthy,161,,,,,,31.0,3.0,5.1,18,0,5,0
5/11/2026 20:27,karachi,161,Unhealthy,161,,,,,,31.0,3.0,5.1,20,0,5,0
5/11/2026 21:57,karachi,161,Unhealthy,161,,,,,,31.0,3.0,5.1,21,0,5,0
5/11/2026 22:52,karachi,161,Unhealthy,161,,,,,,31.0,3.0,5.1,22,0,5,0
5/11/2026 23:48,karachi,161,Unhealthy,161,,,,,,31.0,3.0,5.1,23,0,5,0
5/12/2026 2:05,karachi,161,Unhealthy,161,,,,,,31.0,3.0,5.1,2,1,5,0
5/12/2026 5:57,karachi,161,Unhealthy,161,,,,,,31.0,3.0,5.1,5,1,5,0
5/12/2026 8:36,karachi,161,Unhealthy,161,,,,,,31.0,3.0,5.1,8,1,5,0
5/12/2026 11:13,karachi,161,Unhealthy,161,,,,,,31.0,3.0,5.1,11,1,5,0
5/12/2026 13:55,karachi,161,Unhealthy,161,,,,,,31.0,3.0,5.1,13,1,5,0
5/12/2026 16:14,karachi,161,Unhealthy,161,,,,,,31.0,3.0,5.1,16,1,5,0
5/12/2026 18:51,karachi,161,Unhealthy,161,,,,,,31.0,3.0,5.1,18,1,5,0
5/12/2026 20:25,karachi,161,Unhealthy,161,,,,,,31.0,3.0,5.1,20,1,5,0
5/12/2026 22:04,karachi,161,Unhealthy,161,,,,,,31.0,3.0,5.1,22,1,5,0
5/12/2026 23:51,karachi,161,Unhealthy,161,,,,,,31.0,3.0,5.1,23,1,5,0
5/13/2026 2:11,karachi,161,Unhealthy,161,,,,,,31.0,3.0,5.1,2,2,5,0
5/13/2026 6:18,karachi,161,Unhealthy,161,,,,,,31.0,3.0,5.1,6,2,5,0
5/13/2026 9:35,karachi,161,Unhealthy,161,,,,,,31.0,3.0,5.1,9,2,5,0
5/13/2026 11:55,karachi,161,Unhealthy,161,,,,,,31.0,3.0,5.1,11,2,5,0
5/13/2026 14:09,karachi,161,Unhealthy,161,,,,,,31.0,3.0,5.1,14,2,5,0
5/13/2026 17:08,karachi,161,Unhealthy,161,,,,,,31.0,3.0,5.1,17,2,5,0
5/13/2026 19:40,karachi,161,Unhealthy,161,,,,,,31.0,3.0,5.1,19,2,5,0
5/13/2026 21:17,karachi,161,Unhealthy,161,,,,,,31.0,3.0,5.1,21,2,5,0
5/13/2026 22:57,karachi,161,Unhealthy,161,,,,,,31.0,3.0,5.1,22,2,5,0
5/13/2026 23:54,karachi,161,Unhealthy,161,,,,,,31.0,3.0,5.1,23,2,5,0
5/14/2026 2:13,karachi,161,Unhealthy,161,,,,,,31.0,3.0,5.1,2,3,5,0
5/14/2026 6:16,karachi,161,Unhealthy,161,,,,,,31.0,3.0,5.1,6,3,5,0
5/14/2026 9:27,karachi,161,Unhealthy,161,,,,,,31.0,3.0,5.1,9,3,5,0
5/14/2026 11:44,karachi,161,Unhealthy,161,,,,,,31.0,3.0,5.1,11,3,5,0
5/14/2026 13:45,karachi,161,Unhealthy,161,,,,,,31.0,3.0,5.1,13,3,5,0
5/14/2026 16:04,karachi,161,Unhealthy,161,,,,,,31.0,3.0,5.1,16,3,5,0
5/14/2026 18:49,karachi,161,Unhealthy,161,,,,,,31.0,3.0,5.1,18,3,5,0
5/14/2026 20:23,karachi,161,Unhealthy,161,,,,,,31.0,3.0,5.1,20,3,5,0
5/14/2026 22:01,karachi,161,Unhealthy,161,,,,,,31.0,3.0,5.1,22,3,5,0
5/14/2026 23:46,karachi,161,Unhealthy,161,,,,,,31.0,3.0,5.1,23,3,5,0
5/15/2026 2:11,karachi,161,Unhealthy,161,,,,,,31.0,3.0,5.1,2,4,5,0
5/15/2026 6:24,karachi,161,Unhealthy,161,,,,,,31.0,3.0,5.1,6,4,5,0
5/15/2026 9:39,karachi,161,Unhealthy,161,,,,,,31.0,3.0,5.1,9,4,5,0
5/15/2026 11:47,karachi,161,Unhealthy,161,,,,,,31.0,3.0,5.1,11,4,5,0
5/15/2026 13:43,karachi,161,Unhealthy,161,,,,,,31.0,3.0,5.1,13,4,5,0
5/15/2026 15:56,karachi,161,Unhealthy,161,,,,,,31.0,3.0,5.1,15,4,5,0
5/15/2026 17:24,karachi,161,Unhealthy,161,,,,,,31.0,3.0,5.1,17,4,5,0
5/15/2026 19:17,karachi,161,Unhealthy,161,,,,,,31.0,3.0,5.1,19,4,5,0
5/15/2026 20:52,karachi,161,Unhealthy,161,,,,,,31.0,3.0,5.1,20,4,5,0
5/15/2026 21:50,karachi,161,Unhealthy,161,,,,,,31.0,3.0,5.1,21,4,5,0
5/15/2026 22:44,karachi,161,Unhealthy,161,,,,,,31.0,3.0,5.1,22,4,5,0
5/15/2026 23:45,karachi,161,Unhealthy,161,,,,,,31.0,3.0,5.1,23,4,5,0
5/16/2026 2:03,karachi,161,Unhealthy,161,,,,,,31.0,3.0,5.1,2,5,5,1
5/16/2026 5:46,karachi,161,Unhealthy,161,,,,,,31.0,3.0,5.1,5,5,5,1
5/16/2026 7:50,karachi,161,Unhealthy,161,,,,,,31.0,3.0,5.1,7,5,5,1
5/16/2026 9:21,karachi,161,Unhealthy,161,,,,,,31.0,3.0,5.1,9,5,5,1
5/16/2026 10:55,karachi,161,Unhealthy,161,,,,,,31.0,3.0,5.1,10,5,5,1
5/16/2026 11:43,karachi,161,Unhealthy,161,,,,,,31.0,3.0,5.1,11,5,5,1
5/16/2026 12:59,karachi,161,Unhealthy,161,,,,,,31.0,3.0,5.1,12,5,5,1
5/16/2026 14:22,karachi,161,Unhealthy,161,,,,,,31.0,3.0,5.1,14,5,5,1
5/16/2026 15:49,karachi,161,Unhealthy,161,,,,,,31.0,3.0,5.1,15,5,5,1
5/16/2026 16:45,karachi,161,Unhealthy,161,,,,,,31.0,3.0,5.1,16,5,5,1
5/16/2026 17:47,karachi,161,Unhealthy,161,,,,,,31.0,3.0,5.1,17,5,5,1
5/16/2026 18:50,karachi,161,Unhealthy,161,,,,,,31.0,3.0,5.1,18,5,5,1
5/16/2026 19:57,karachi,161,Unhealthy,161,,,,,,31.0,3.0,5.1,19,5,5,1
5/16/2026 20:41,karachi,161,Unhealthy,161,,,,,,31.0,3.0,5.1,20,5,5,1
5/16/2026 21:39,karachi,161,Unhealthy,161,,,,,,31.0,3.0,5.1,21,5,5,1
5/16/2026 22:36,karachi,161,Unhealthy,161,,,,,,31.0,3.0,5.1,22,5,5,1
5/16/2026 23:41,karachi,161,Unhealthy,161,,,,,,31.0,3.0,5.1,23,5,5,1
5/17/2026 2:06,karachi,161,Unhealthy,161,,,,,,31.0,3.0,5.1,2,6,5,1
5/17/2026 6:13,karachi,161,Unhealthy,161,,,,,,31.0,3.0,5.1,6,6,5,1
5/17/2026 8:57,karachi,161,Unhealthy,161,,,,,,31.0,3.0,5.1,8,6,5,1
5/17/2026 10:21,karachi,161,Unhealthy,161,,,,,,31.0,3.0,5.1,10,6,5,1
5/17/2026 11:54,karachi,161,Unhealthy,161,,,,,,31.0,3.0,5.1,11,6,5,1
5/17/2026 12:57,karachi,161,Unhealthy,161,,,,,,31.0,3.0,5.1,12,6,5,1
5/17/2026 14:24,karachi,161,Unhealthy,161,,,,,,31.0,3.0,5.1,14,6,5,1
5/17/2026 15:50,karachi,161,Unhealthy,161,,,,,,31.0,3.0,5.1,15,6,5,1
5/17/2026 16:46,karachi,161,Unhealthy,161,,,,,,31.0,3.0,5.1,16,6,5,1
5/17/2026 17:49,karachi,161,Unhealthy,161,,,,,,31.0,3.0,5.1,17,6,5,1
5/17/2026 18:54,karachi,161,Unhealthy,161,,,,,,31.0,3.0,5.1,18,6,5,1
5/17/2026 20:00,karachi,161,Unhealthy,161,,,,,,31.0,3.0,5.1,20,6,5,1
5/17/2026 21:44,karachi,161,Unhealthy,161,,,,,,31.0,3.0,5.1,21,6,5,1
5/17/2026 22:43,karachi,161,Unhealthy,161,,,,,,31.0,3.0,5.1,22,6,5,1
5/17/2026 23:49,karachi,161,Unhealthy,161,,,,,,31.0,3.0,5.1,23,6,5,1
5/18/2026 2:28,karachi,161,Unhealthy,161,,,,,,31.0,3.0,5.1,2,0,5,0
5/18/2026 6:45,karachi,161,Unhealthy,161,,,,,,31.0,3.0,5.1,6,0,5,0
5/18/2026 10:58,karachi,161,Unhealthy,161,,,,,,31.0,3.0,5.1,10,0,5,0
5/18/2026 14:29,karachi,161,Unhealthy,161,,,,,,31.0,3.0,5.1,14,0,5,0
5/18/2026 17:25,karachi,161,Unhealthy,161,,,,,,31.0,3.0,5.1,17,0,5,0
5/18/2026 19:25,karachi,161,Unhealthy,161,,,,,,31.0,3.0,5.1,19,0,5,0
5/18/2026 21:02,karachi,161,Unhealthy,161,,,,,,31.0,3.0,5.1,21,0,5,0
5/18/2026 22:50,karachi,161,Unhealthy,161,,,,,,31.0,3.0,5.1,22,0,5,0
5/18/2026 23:56,karachi,161,Unhealthy,161,,,,,,31.0,3.0,5.1,23,0,5,0
5/19/2026 2:43,karachi,161,Unhealthy,161,,,,,,31.0,3.0,5.1,2,1,5,0
5/19/2026 6:41,karachi,161,Unhealthy,161,,,,,,31.0,3.0,5.1,6,1,5,0
5/19/2026 10:32,karachi,161,Unhealthy,161,,,,,,31.0,3.0,5.1,10,1,5,0
5/19/2026 13:50,karachi,161,Unhealthy,161,,,,,,31.0,3.0,5.1,13,1,5,0
5/19/2026 16:44,karachi,161,Unhealthy,161,,,,,,31.0,3.0,5.1,16,1,5,0
5/19/2026 18:53,karachi,161,Unhealthy,161,,,,,,31.0,3.0,5.1,18,1,5,0
5/19/2026 20:24,karachi,161,Unhealthy,161,,,,,,31.0,3.0,5.1,20,1,5,0
5/19/2026 22:07,karachi,161,Unhealthy,161,,,,,,31.0,3.0,5.1,22,1,5,0
5/19/2026 23:54,karachi,161,Unhealthy,161,,,,,,31.0,3.0,5.1,23,1,5,0
5/20/2026 2:27,karachi,161,Unhealthy,161,,,,,,31.0,3.0,5.1,2,2,5,0
5/20/2026 6:40,karachi,161,Unhealthy,161,,,,,,31.0,3.0,5.1,6,2,5,0
5/20/2026 10:19,karachi,161,Unhealthy,161,,,,,,31.0,3.0,5.1,10,2,5,0
5/20/2026 13:31,karachi,161,Unhealthy,161,,,,,,31.0,3.0,5.1,13,2,5,0
5/20/2026 16:49,karachi,161,Unhealthy,161,,,,,,31.0,3.0,5.1,16,2,5,0
5/20/2026 19:14,karachi,161,Unhealthy,161,,,,,,31.0,3.0,5.1,19,2,5,0
5/20/2026 21:43,karachi,161,Unhealthy,161,,,,,,31.0,3.0,5.1,21,2,5,0
5/20/2026 23:05,karachi,161,Unhealthy,161,,,,,,31.0,3.0,5.1,23,2,5,0
5/21/2026 2:28,karachi,161,Unhealthy,161,,,,,,31.0,3.0,5.1,2,3,5,0
5/21/2026 6:43,karachi,161,Unhealthy,161,,,,,,31.0,3.0,5.1,6,3,5,0
5/21/2026 10:32,karachi,161,Unhealthy,161,,,,,,31.0,3.0,5.1,10,3,5,0
5/21/2026 13:56,karachi,161,Unhealthy,161,,,,,,31.0,3.0,5.1,13,3,5,0
5/21/2026 16:35,karachi,161,Unhealthy,161,,,,,,31.0,3.0,5.1,16,3,5,0
5/21/2026 18:53,karachi,161,Unhealthy,161,,,,,,31.0,3.0,5.1,18,3,5,0
5/21/2026 20:46,karachi,161,Unhealthy,161,,,,,,31.0,3.0,5.1,20,3,5,0
5/21/2026 22:11,karachi,161,Unhealthy,161,,,,,,31.0,3.0,5.1,22,3,5,0
5/21/2026 23:52,karachi,161,Unhealthy,161,,,,,,31.0,3.0,5.1,23,3,5,0
5/22/2026 2:29,karachi,161,Unhealthy,161,,,,,,31.0,3.0,5.1,2,4,5,0
5/22/2026 6:40,karachi,161,Unhealthy,161,,,,,,31.0,3.0,5.1,6,4,5,0
5/22/2026 10:16,karachi,161,Unhealthy,161,,,,,,31.0,3.0,5.1,10,4,5,0
5/22/2026 13:24,karachi,161,Unhealthy,161,,,,,,31.0,3.0,5.1,13,4,5,0
5/22/2026 16:15,karachi,161,Unhealthy,161,,,,,,31.0,3.0,5.1,16,4,5,0
5/22/2026 18:29,karachi,161,Unhealthy,161,,,,,,31.0,3.0,5.1,18,4,5,0
5/22/2026 20:28,karachi,161,Unhealthy,161,,,,,,31.0,3.0,5.1,20,4,5,0
5/22/2026 21:58,karachi,161,Unhealthy,161,,,,,,31.0,3.0,5.1,21,4,5,0
5/22/2026 22:57,karachi,161,Unhealthy,161,,,,,,31.0,3.0,5.1,22,4,5,0
5/23/2026 0:05,karachi,161,Unhealthy,161,,,,,,31.0,3.0,5.1,0,5,5,1
5/23/2026 4:33,karachi,161,Unhealthy,161,,,,,,31.0,3.0,5.1,4,5,5,1
5/23/2026 7:25,karachi,161,Unhealthy,161,,,,,,31.0,3.0,5.1,7,5,5,1
5/23/2026 9:43,karachi,161,Unhealthy,161,,,,,,31.0,3.0,5.1,9,5,5,1
5/23/2026 11:03,karachi,161,Unhealthy,161,,,,,,31.0,3.0,5.1,11,5,5,1
5/23/2026 13:01,karachi,161,Unhealthy,161,,,,,,31.0,3.0,5.1,13,5,5,1
5/23/2026 14:53,karachi,161,Unhealthy,161,,,,,,31.0,3.0,5.1,14,5,5,1
5/23/2026 15:55,karachi,161,Unhealthy,161,,,,,,31.0,3.0,5.1,15,5,5,1
5/23/2026 16:51,karachi,161,Unhealthy,161,,,,,,31.0,3.0,5.1,16,5,5,1
5/23/2026 17:55,karachi,161,Unhealthy,161,,,,,,31.0,3.0,5.1,17,5,5,1
5/23/2026 18:55,karachi,161,Unhealthy,161,,,,,,31.0,3.0,5.1,18,5,5,1
5/23/2026 20:02,karachi,161,Unhealthy,161,,,,,,31.0,3.0,5.1,20,5,5,1
5/23/2026 21:44,karachi,161,Unhealthy,161,,,,,,31.0,3.0,5.1,21,5,5,1
5/23/2026 22:42,karachi,161,Unhealthy,161,,,,,,31.0,3.0,5.1,22,5,5,1
5/23/2026 23:49,karachi,161,Unhealthy,161,,,,,,31.0,3.0,5.1,23,5,5,1
5/24/2026 2:14,karachi,161,Unhealthy,161,,,,,,31.0,3.0,5.1,2,6,5,1
5/24/2026 6:28,karachi,161,Unhealthy,161,,,,,,31.0,3.0,5.1,6,6,5,1
5/24/2026 9:14,karachi,161,Unhealthy,161,,,,,,31.0,3.0,5.1,9,6,5,1
5/24/2026 11:07,karachi,161,Unhealthy,161,,,,,,31.0,3.0,5.1,11,6,5,1
5/24/2026 13:00,karachi,161,Unhealthy,161,,,,,,31.0,3.0,5.1,13,6,5,1
5/24/2026 14:55,karachi,161,Unhealthy,161,,,,,,31.0,3.0,5.1,14,6,5,1
5/24/2026 15:55,karachi,161,Unhealthy,161,,,,,,31.0,3.0,5.1,15,6,5,1
5/24/2026 16:52,karachi,161,Unhealthy,161,,,,,,31.0,3.0,5.1,16,6,5,1
5/24/2026 17:53,karachi,161,Unhealthy,161,,,,,,31.0,3.0,5.1,17,6,5,1
5/24/2026 19:02,karachi,161,Unhealthy,161,,,,,,31.0,3.0,5.1,19,6,5,1
5/24/2026 20:42,karachi,161,Unhealthy,161,,,,,,31.0,3.0,5.1,20,6,5,1
5/24/2026 21:46,karachi,161,Unhealthy,161,,,,,,31.0,3.0,5.1,21,6,5,1
5/24/2026 22:47,karachi,161,Unhealthy,161,,,,,,31.0,3.0,5.1,22,6,5,1
5/24/2026 23:51,karachi,161,Unhealthy,161,,,,,,31.0,3.0,5.1,23,6,5,1
5/25/2026 2:33,karachi,161,Unhealthy,161,,,,,,31.0,3.0,5.1,2,0,5,0
5/25/2026 7:03,karachi,161,Unhealthy,161,,,,,,31.0,3.0,5.1,7,0,5,0
5/25/2026 11:43,karachi,161,Unhealthy,161,,,,,,31.0,3.0,5.1,11,0,5,0
5/25/2026 14:34,karachi,161,Unhealthy,161,,,,,,31.0,3.0,5.1,14,0,5,0
5/25/2026 16:59,karachi,161,Unhealthy,161,,,,,,31.0,3.0,5.1,16,0,5,0
5/25/2026 18:26,karachi,161,Unhealthy,161,,,,,,31.0,3.0,5.1,18,0,5,0
5/25/2026 20:19,karachi,161,Unhealthy,161,,,,,,31.0,3.0,5.1,20,0,5,0
5/25/2026 22:02,karachi,161,Unhealthy,161,,,,,,31.0,3.0,5.1,22,0,5,0
5/25/2026 23:56,karachi,161,Unhealthy,161,,,,,,31.0,3.0,5.1,23,0,5,0
5/26/2026 2:40,karachi,161,Unhealthy,161,,,,,,31.0,3.0,5.1,2,1,5,0
5/26/2026 6:38,karachi,161,Unhealthy,161,,,,,,31.0,3.0,5.1,6,1,5,0
5/26/2026 13:48,karachi,161,Unhealthy,161,,,,,,31.0,3.0,5.1,13,1,5,0
5/26/2026 17:21,karachi,161,Unhealthy,161,,,,,,31.0,3.0,5.1,17,1,5,0
5/26/2026 19:56,karachi,161,Unhealthy,161,,,,,,31.0,3.0,5.1,19,1,5,0
5/26/2026 21:39,karachi,161,Unhealthy,161,,,,,,31.0,3.0,5.1,21,1,5,0
5/26/2026 23:01,karachi,161,Unhealthy,161,,,,,,31.0,3.0,5.1,23,1,5,0
5/27/2026 2:33,karachi,161,Unhealthy,161,,,,,,31.0,3.0,5.1,2,2,5,0
5/27/2026 6:55,karachi,161,Unhealthy,161,,,,,,31.0,3.0,5.1,6,2,5,0
5/27/2026 10:49,karachi,161,Unhealthy,161,,,,,,31.0,3.0,5.1,10,2,5,0
5/27/2026 14:19,karachi,161,Unhealthy,161,,,,,,31.0,3.0,5.1,14,2,5,0
5/27/2026 17:51,karachi,161,Unhealthy,161,,,,,,31.0,3.0,5.1,17,2,5,0
5/27/2026 20:00,karachi,161,Unhealthy,161,,,,,,31.0,3.0,5.1,20,2,5,0
5/27/2026 22:25,karachi,161,Unhealthy,161,,,,,,31.0,3.0,5.1,22,2,5,0
5/27/2026 23:54,karachi,161,Unhealthy,161,,,,,,31.0,3.0,5.1,23,2,5,0
5/28/2026 2:08,karachi,161,Unhealthy,161,,,,,,31.0,3.0,5.1,2,3,5,0
5/28/2026 6:43,karachi,161,Unhealthy,161,,,,,,31.0,3.0,5.1,6,3,5,0
5/28/2026 10:45,karachi,161,Unhealthy,161,,,,,,31.0,3.0,5.1,10,3,5,0
5/28/2026 14:29,karachi,161,Unhealthy,161,,,,,,31.0,3.0,5.1,14,3,5,0
5/28/2026 17:56,karachi,161,Unhealthy,161,,,,,,31.0,3.0,5.1,17,3,5,0
5/28/2026 20:11,karachi,161,Unhealthy,161,,,,,,31.0,3.0,5.1,20,3,5,0
5/28/2026 22:26,karachi,161,Unhealthy,161,,,,,,31.0,3.0,5.1,22,3,5,0
5/29/2026 0:03,karachi,161,Unhealthy,161,,,,,,31.0,3.0,5.1,0,4,5,0
5/29/2026 5:06,karachi,161,Unhealthy,161,,,,,,31.0,3.0,5.1,5,4,5,0
5/29/2026 9:35,karachi,161,Unhealthy,161,,,,,,31.0,3.0,5.1,9,4,5,0
5/29/2026 12:41,karachi,161,Unhealthy,161,,,,,,31.0,3.0,5.1,12,4,5,0
5/29/2026 16:36,karachi,161,Unhealthy,161,,,,,,31.0,3.0,5.1,16,4,5,0
5/29/2026 19:27,karachi,161,Unhealthy,161,,,,,,31.0,3.0,5.1,19,4,5,0
5/29/2026 21:45,karachi,161,Unhealthy,161,,,,,,31.0,3.0,5.1,21,4,5,0
5/29/2026 23:04,karachi,161,Unhealthy,161,,,,,,31.0,3.0,5.1,23,4,5,0
5/30/2026 2:08,karachi,161,Unhealthy,161,,,,,,31.0,3.0,5.1,2,5,5,1
5/30/2026 6:15,karachi,161,Unhealthy,161,,,,,,31.0,3.0,5.1,6,5,5,1
5/30/2026 9:09,karachi,161,Unhealthy,161,,,,,,31.0,3.0,5.1,9,5,5,1
5/30/2026 11:12,karachi,161,Unhealthy,161,,,,,,31.0,3.0,5.1,11,5,5,1
5/30/2026 13:03,karachi,161,Unhealthy,161,,,,,,31.0,3.0,5.1,13,5,5,1
5/30/2026 14:59,karachi,161,Unhealthy,161,,,,,,31.0,3.0,5.1,14,5,5,1
5/30/2026 16:05,karachi,161,Unhealthy,161,,,,,,31.0,3.0,5.1,16,5,5,1
5/30/2026 17:57,karachi,161,Unhealthy,161,,,,,,31.0,3.0,5.1,17,5,5,1
5/30/2026 19:09,karachi,161,Unhealthy,161,,,,,,31.0,3.0,5.1,19,5,5,1
5/30/2026 20:44,karachi,161,Unhealthy,161,,,,,,31.0,3.0,5.1,20,5,5,1
5/30/2026 21:51,karachi,161,Unhealthy,161,,,,,,31.0,3.0,5.1,21,5,5,1
5/30/2026 22:48,karachi,161,Unhealthy,161,,,,,,31.0,3.0,5.1,22,5,5,1
5/30/2026 23:53,karachi,161,Unhealthy,161,,,,,,31.0,3.0,5.1,23,5,5,1
5/31/2026 2:34,karachi,161,Unhealthy,161,,,,,,31.0,3.0,5.1,2,6,5,1
5/31/2026 6:50,karachi,161,Unhealthy,161,,,,,,31.0,3.0,5.1,6,6,5,1
5/31/2026 9:42,karachi,161,Unhealthy,161,,,,,,31.0,3.0,5.1,9,6,5,1
5/31/2026 11:27,karachi,161,Unhealthy,161,,,,,,31.0,3.0,5.1,11,6,5,1
5/31/2026 13:15,karachi,161,Unhealthy,161,,,,,,31.0,3.0,5.1,13,6,5,1
5/31/2026 15:12,karachi,161,Unhealthy,161,,,,,,31.0,3.0,5.1,15,6,5,1
5/31/2026 16:56,karachi,161,Unhealthy,161,,,,,,31.0,3.0,5.1,16,6,5,1
5/31/2026 17:57,karachi,161,Unhealthy,161,,,,,,31.0,3.0,5.1,17,6,5,1
5/31/2026 19:10,karachi,161,Unhealthy,161,,,,,,31.0,3.0,5.1,19,6,5,1
5/31/2026 20:49,karachi,161,Unhealthy,161,,,,,,31.0,3.0,5.1,20,6,5,1
5/31/2026 21:50,karachi,161,Unhealthy,161,,,,,,31.0,3.0,5.1,21,6,5,1
5/31/2026 22:50,karachi,161,Unhealthy,161,,,,,,31.0,3.0,5.1,22,6,5,1
5/31/2026 23:57,karachi,161,Unhealthy,161,,,,,,31.0,3.0,5.1,23,6,5,1
6/1/2026 3:44,karachi,161,Unhealthy,161,,,,,,31.0,3.0,5.1,3,0,6,0
6/1/2026 9:12,karachi,161,Unhealthy,161,,,,,,31.0,3.0,5.1,9,0,6,0
6/1/2026 15:48,karachi,161,Unhealthy,161,,,,,,31.0,3.0,5.1,15,0,6,0
6/1/2026 20:10,karachi,161,Unhealthy,161,,,,,,31.0,3.0,5.1,20,0,6,0
6/1/2026 22:56,karachi,161,Unhealthy,161,,,,,,31.0,3.0,5.1,22,0,6,0
6/2/2026 0:07,karachi,161,Unhealthy,161,,,,,,31.0,3.0,5.1,0,1,6,0
6/2/2026 5:23,karachi,161,Unhealthy,161,,,,,,31.0,3.0,5.1,5,1,6,0
6/2/2026 10:04,karachi,161,Unhealthy,161,,,,,,31.0,3.0,5.1,10,1,6,0
6/2/2026 14:43,karachi,161,Unhealthy,161,,,,,,31.0,3.0,5.1,14,1,6,0
6/2/2026 18:32,karachi,161,Unhealthy,161,,,,,,31.0,3.0,5.1,18,1,6,0
6/2/2026 21:41,karachi,161,Unhealthy,161,,,,,,31.0,3.0,5.1,21,1,6,0
6/2/2026 23:27,karachi,161,Unhealthy,161,,,,,,31.0,3.0,5.1,23,1,6,0
6/3/2026 2:49,karachi,161,Unhealthy,161,,,,,,31.0,3.0,5.1,2,2,6,0
6/3/2026 8:07,karachi,161,Unhealthy,161,,,,,,31.0,3.0,5.1,8,2,6,0
6/3/2026 13:07,karachi,161,Unhealthy,161,,,,,,31.0,3.0,5.1,13,2,6,0
6/3/2026 18:16,karachi,161,Unhealthy,161,,,,,,31.0,3.0,5.1,18,2,6,0
6/3/2026 21:42,karachi,161,Unhealthy,161,,,,,,31.0,3.0,5.1,21,2,6,0
6/3/2026 23:26,karachi,161,Unhealthy,161,,,,,,31.0,3.0,5.1,23,2,6,0
6/4/2026 2:45,karachi,161,Unhealthy,161,,,,,,31.0,3.0,5.1,2,3,6,0
6/4/2026 7:16,karachi,161,Unhealthy,161,,,,,,31.0,3.0,5.1,7,3,6,0
6/4/2026 10:54,karachi,161,Unhealthy,161,,,,,,31.0,3.0,5.1,10,3,6,0
6/4/2026 13:52,karachi,161,Unhealthy,161,,,,,,31.0,3.0,5.1,13,3,6,0
6/4/2026 16:45,karachi,161,Unhealthy,161,,,,,,31.0,3.0,5.1,16,3,6,0
6/4/2026 19:13,karachi,161,Unhealthy,161,,,,,,31.0,3.0,5.1,19,3,6,0
6/4/2026 21:23,karachi,161,Unhealthy,161,,,,,,31.0,3.0,5.1,21,3,6,0
6/4/2026 23:01,karachi,161,Unhealthy,161,,,,,,31.0,3.0,5.1,23,3,6,0
6/5/2026 2:31,karachi,161,Unhealthy,161,,,,,,31.0,3.0,5.1,2,4,6,0
6/5/2026 6:58,karachi,161,Unhealthy,161,,,,,,31.0,3.0,5.1,6,4,6,0
6/5/2026 10:45,karachi,161,Unhealthy,161,,,,,,31.0,3.0,5.1,10,4,6,0
6/5/2026 13:48,karachi,161,Unhealthy,161,,,,,,31.0,3.0,5.1,13,4,6,0
6/5/2026 16:25,karachi,161,Unhealthy,161,,,,,,31.0,3.0,5.1,16,4,6,0
6/5/2026 18:54,karachi,161,Unhealthy,161,,,,,,31.0,3.0,5.1,18,4,6,0
6/5/2026 20:45,karachi,161,Unhealthy,161,,,,,,31.0,3.0,5.1,20,4,6,0
6/5/2026 22:09,karachi,161,Unhealthy,161,,,,,,31.0,3.0,5.1,22,4,6,0
6/5/2026 23:59,karachi,161,Unhealthy,161,,,,,,31.0,3.0,5.1,23,4,6,0
6/6/2026 3:36,karachi,161,Unhealthy,161,,,,,,31.0,3.0,5.1,3,5,6,1
6/6/2026 6:46,karachi,161,Unhealthy,161,,,,,,31.0,3.0,5.1,6,5,6,1
6/6/2026 9:18,karachi,161,Unhealthy,161,,,,,,31.0,3.0,5.1,9,5,6,1
6/6/2026 11:16,karachi,161,Unhealthy,161,,,,,,31.0,3.0,5.1,11,5,6,1
6/6/2026 13:08,karachi,161,Unhealthy,161,,,,,,31.0,3.0,5.1,13,5,6,1
6/6/2026 15:06,karachi,161,Unhealthy,161,,,,,,31.0,3.0,5.1,15,5,6,1
6/6/2026 16:59,karachi,161,Unhealthy,161,,,,,,31.0,3.0,5.1,16,5,6,1
6/6/2026 18:07,karachi,161,Unhealthy,161,,,,,,31.0,3.0,5.1,18,5,6,1
6/6/2026 20:04,karachi,161,Unhealthy,161,,,,,,31.0,3.0,5.1,20,5,6,1
6/6/2026 21:56,karachi,161,Unhealthy,161,,,,,,31.0,3.0,5.1,21,5,6,1
6/6/2026 22:58,karachi,161,Unhealthy,161,,,,,,31.0,3.0,5.1,22,5,6,1
6/7/2026 0:03,karachi,161,Unhealthy,161,,,,,,31.0,3.0,5.1,0,6,6,1
6/7/2026 5:16,karachi,161,Unhealthy,161,,,,,,31.0,3.0,5.1,5,6,6,1
6/7/2026 8:45,karachi,161,Unhealthy,161,,,,,,31.0,3.0,5.1,8,6,6,1
6/7/2026 11:01,karachi,161,Unhealthy,161,,,,,,31.0,3.0,5.1,11,6,6,1
6/7/2026 13:21,karachi,161,Unhealthy,161,,,,,,31.0,3.0,5.1,13,6,6,1
6/7/2026 15:18,karachi,161,Unhealthy,161,,,,,,31.0,3.0,5.1,15,6,6,1
6/7/2026 17:05,karachi,161,Unhealthy,161,,,,,,31.0,3.0,5.1,17,6,6,1
6/7/2026 19:06,karachi,161,Unhealthy,161,,,,,,31.0,3.0,5.1,19,6,6,1
6/7/2026 21:00,karachi,161,Unhealthy,161,,,,,,31.0,3.0,5.1,21,6,6,1
6/7/2026 22:54,karachi,161,Unhealthy,161,,,,,,31.0,3.0,5.1,22,6,6,1
6/7/2026 23:59,karachi,161,Unhealthy,161,,,,,,31.0,3.0,5.1,23,6,6,1
6/8/2026 4:11,karachi,161,Unhealthy,161,,,,,,31.0,3.0,5.1,4,0,6,0
6/8/2026 9:17,karachi,161,Unhealthy,161,,,,,,31.0,3.0,5.1,9,0,6,0
6/8/2026 13:58,karachi,161,Unhealthy,161,,,,,,31.0,3.0,5.1,13,0,6,0
6/8/2026 17:22,karachi,161,Unhealthy,161,,,,,,31.0,3.0,5.1,17,0,6,0
6/8/2026 20:01,karachi,161,Unhealthy,161,,,,,,31.0,3.0,5.1,20,0,6,0
6/8/2026 22:18,karachi,161,Unhealthy,161,,,,,,31.0,3.0,5.1,22,0,6,0
6/8/2026 23:57,karachi,161,Unhealthy,161,,,,,,31.0,3.0,5.1,23,0,6,0
6/9/2026 2:46,karachi,161,Unhealthy,161,,,,,,31.0,3.0,5.1,2,1,6,0
6/9/2026 6:40,karachi,161,Unhealthy,161,,,,,,31.0,3.0,5.1,6,1,6,0
6/9/2026 10:28,karachi,161,Unhealthy,161,,,,,,31.0,3.0,5.1,10,1,6,0
6/9/2026 13:37,karachi,161,Unhealthy,161,,,,,,31.0,3.0,5.1,13,1,6,0
6/9/2026 16:25,karachi,161,Unhealthy,161,,,,,,31.0,3.0,5.1,16,1,6,0
6/9/2026 19:07,karachi,161,Unhealthy,161,,,,,,31.0,3.0,5.1,19,1,6,0
6/9/2026 21:41,karachi,161,Unhealthy,161,,,,,,31.0,3.0,5.1,21,1,6,0
6/9/2026 23:11,karachi,161,Unhealthy,161,,,,,,31.0,3.0,5.1,23,1,6,0
6/10/2026 2:32,karachi,161,Unhealthy,161,,,,,,31.0,3.0,5.1,2,2,6,0
6/10/2026 6:58,karachi,161,Unhealthy,161,,,,,,31.0,3.0,5.1,6,2,6,0
6/10/2026 10:56,karachi,161,Unhealthy,161,,,,,,31.0,3.0,5.1,10,2,6,0
6/10/2026 14:19,karachi,161,Unhealthy,161,,,,,,31.0,3.0,5.1,14,2,6,0
6/10/2026 17:51,karachi,161,Unhealthy,161,,,,,,31.0,3.0,5.1,17,2,6,0
6/10/2026 20:12,karachi,161,Unhealthy,161,,,,,,31.0,3.0,5.1,20,2,6,0
6/10/2026 22:47,karachi,161,Unhealthy,161,,,,,,31.0,3.0,5.1,22,2,6,0
6/11/2026 0:08,karachi,161,Unhealthy,161,,,,,,31.0,3.0,5.1,0,3,6,0
6/11/2026 5:21,karachi,161,Unhealthy,161,,,,,,31.0,3.0,5.1,5,3,6,0
6/11/2026 10:06,karachi,161,Unhealthy,161,,,,,,31.0,3.0,5.1,10,3,6,0
6/11/2026 14:30,karachi,161,Unhealthy,161,,,,,,31.0,3.0,5.1,14,3,6,0
6/11/2026 18:05,karachi,161,Unhealthy,161,,,,,,31.0,3.0,5.1,18,3,6,0
6/11/2026 21:12,karachi,161,Unhealthy,161,,,,,,31.0,3.0,5.1,21,3,6,0
6/11/2026 23:14,karachi,161,Unhealthy,161,,,,,,31.0,3.0,5.1,23,3,6,0
6/12/2026 2:37,karachi,161,Unhealthy,161,,,,,,31.0,3.0,5.1,2,4,6,0
6/12/2026 7:13,karachi,161,Unhealthy,161,,,,,,31.0,3.0,5.1,7,4,6,0
6/12/2026 11:35,karachi,161,Unhealthy,161,,,,,,31.0,3.0,5.1,11,4,6,0
6/12/2026 14:35,karachi,161,Unhealthy,161,,,,,,31.0,3.0,5.1,14,4,6,0
6/12/2026 17:31,karachi,161,Unhealthy,161,,,,,,31.0,3.0,5.1,17,4,6,0
6/12/2026 19:53,karachi,161,Unhealthy,161,,,,,,31.0,3.0,5.1,19,4,6,0
6/12/2026 21:24,karachi,161,Unhealthy,161,,,,,,31.0,3.0,5.1,21,4,6,0
6/12/2026 23:07,karachi,161,Unhealthy,161,,,,,,31.0,3.0,5.1,23,4,6,0
6/13/2026 2:30,karachi,161,Unhealthy,161,,,,,,31.0,3.0,5.1,2,5,6,1
6/13/2026 6:49,karachi,161,Unhealthy,161,,,,,,31.0,3.0,5.1,6,5,6,1
6/13/2026 9:51,karachi,161,Unhealthy,161,,,,,,31.0,3.0,5.1,9,5,6,1
6/13/2026 11:47,karachi,161,Unhealthy,161,,,,,,31.0,3.0,5.1,11,5,6,1
6/13/2026 13:26,karachi,161,Unhealthy,161,,,,,,31.0,3.0,5.1,13,5,6,1
6/13/2026 15:25,karachi,161,Unhealthy,161,,,,,,31.0,3.0,5.1,15,5,6,1
6/13/2026 17:11,karachi,161,Unhealthy,161,,,,,,31.0,3.0,5.1,17,5,6,1
6/13/2026 19:08,karachi,161,Unhealthy,161,,,,,,31.0,3.0,5.1,19,5,6,1
6/13/2026 21:02,karachi,161,Unhealthy,161,,,,,,31.0,3.0,5.1,21,5,6,1
6/13/2026 22:54,karachi,161,Unhealthy,161,,,,,,31.0,3.0,5.1,22,5,6,1
6/13/2026 23:58,karachi,161,Unhealthy,161,,,,,,31.0,3.0,5.1,23,5,6,1
6/14/2026 4:06,karachi,161,Unhealthy,161,,,,,,31.0,3.0,5.1,4,6,6,1
6/14/2026 8:36,karachi,161,Unhealthy,161,,,,,,31.0,3.0,5.1,8,6,6,1
6/14/2026 11:23,karachi,161,Unhealthy,161,,,,,,31.0,3.0,5.1,11,6,6,1
6/14/2026 13:28,karachi,161,Unhealthy,161,,,,,,31.0,3.0,5.1,13,6,6,1
6/14/2026 15:42,karachi,161,Unhealthy,161,,,,,,31.0,3.0,5.1,15,6,6,1
6/14/2026 17:09,karachi,161,Unhealthy,161,,,,,,31.0,3.0,5.1,17,6,6,1
6/14/2026 19:09,karachi,161,Unhealthy,161,,,,,,31.0,3.0,5.1,19,6,6,1
6/14/2026 20:59,karachi,161,Unhealthy,161,,,,,,31.0,3.0,5.1,20,6,6,1
6/14/2026 22:15,karachi,161,Unhealthy,161,,,,,,31.0,3.0,5.1,22,6,6,1
6/15/2026 0:01,karachi,161,Unhealthy,161,,,,,,31.0,3.0,5.1,0,0,6,0
6/15/2026 6:14,karachi,161,Unhealthy,161,,,,,,31.0,3.0,5.1,6,0,6,0
6/15/2026 12:58,karachi,161,Unhealthy,161,,,,,,31.0,3.0,5.1,12,0,6,0
6/15/2026 17:58,karachi,161,Unhealthy,161,,,,,,31.0,3.0,5.1,17,0,6,0
6/15/2026 20:45,karachi,161,Unhealthy,161,,,,,,31.0,3.0,5.1,20,0,6,0
6/15/2026 22:56,karachi,161,Unhealthy,161,,,,,,31.0,3.0,5.1,22,0,6,0
6/16/2026 0:25,karachi,161,Unhealthy,161,,,,,,31.0,3.0,5.1,0,1,6,0
6/16/2026 6:25,karachi,161,Unhealthy,161,,,,,,31.0,3.0,5.1,6,1,6,0
6/16/2026 12:03,karachi,161,Unhealthy,161,,,,,,31.0,3.0,5.1,12,1,6,0
6/16/2026 17:55,karachi,161,Unhealthy,161,,,,,,31.0,3.0,5.1,17,1,6,0
6/16/2026 20:38,karachi,161,Unhealthy,161,,,,,,31.0,3.0,5.1,20,1,6,0
6/16/2026 22:47,karachi,161,Unhealthy,161,,,,,,31.0,3.0,5.1,22,1,6,0
6/17/2026 0:09,karachi,161,Unhealthy,161,,,,,,31.0,3.0,5.1,0,2,6,0
6/17/2026 6:00,karachi,161,Unhealthy,161,,,,,,31.0,3.0,5.1,6,2,6,0
6/17/2026 11:27,karachi,161,Unhealthy,161,,,,,,31.0,3.0,5.1,11,2,6,0
6/17/2026 14:51,karachi,161,Unhealthy,161,,,,,,31.0,3.0,5.1,14,2,6,0
6/17/2026 17:44,karachi,161,Unhealthy,161,,,,,,31.0,3.0,5.1,17,2,6,0
6/17/2026 20:00,karachi,161,Unhealthy,161,,,,,,31.0,3.0,5.1,20,2,6,0
6/17/2026 22:03,karachi,161,Unhealthy,161,,,,,,31.0,3.0,5.1,22,2,6,0
6/18/2026 0:07,karachi,161,Unhealthy,161,,,,,,31.0,3.0,5.1,0,3,6,0
6/18/2026 5:28,karachi,161,Unhealthy,161,,,,,,31.0,3.0,5.1,5,3,6,0
6/18/2026 10:05,karachi,161,Unhealthy,161,,,,,,31.0,3.0,5.1,10,3,6,0
6/18/2026 13:56,karachi,161,Unhealthy,161,,,,,,31.0,3.0,5.1,13,3,6,0
6/18/2026 16:52,karachi,161,Unhealthy,161,,,,,,31.0,3.0,5.1,16,3,6,0
6/18/2026 19:16,karachi,161,Unhealthy,161,,,,,,31.0,3.0,5.1,19,3,6,0
6/18/2026 21:57,karachi,161,Unhealthy,161,,,,,,31.0,3.0,5.1,21,3,6,0
6/18/2026 23:42,karachi,161,Unhealthy,161,,,,,,31.0,3.0,5.1,23,3,6,0
6/19/2026 2:58,karachi,161,Unhealthy,161,,,,,,31.0,3.0,5.1,2,4,6,0
6/19/2026 8:31,karachi,161,Unhealthy,161,,,,,,31.0,3.0,5.1,8,4,6,0
6/19/2026 12:40,karachi,161,Unhealthy,161,,,,,,31.0,3.0,5.1,12,4,6,0
6/19/2026 15:56,karachi,161,Unhealthy,161,,,,,,31.0,3.0,5.1,15,4,6,0
6/19/2026 17:49,karachi,161,Unhealthy,161,,,,,,31.0,3.0,5.1,17,4,6,0
6/19/2026 19:25,karachi,161,Unhealthy,161,,,,,,31.0,3.0,5.1,19,4,6,0
6/19/2026 21:01,karachi,161,Unhealthy,161,,,,,,31.0,3.0,5.1,21,4,6,0
6/19/2026 22:43,karachi,161,Unhealthy,161,,,,,,31.0,3.0,5.1,22,4,6,0
6/20/2026 0:00,karachi,161,Unhealthy,161,,,,,,31.0,3.0,5.1,0,5,6,1
6/20/2026 5:03,karachi,161,Unhealthy,161,,,,,,31.0,3.0,5.1,5,5,6,1
6/20/2026 8:40,karachi,161,Unhealthy,161,,,,,,31.0,3.0,5.1,8,5,6,1
6/20/2026 11:08,karachi,161,Unhealthy,161,,,,,,31.0,3.0,5.1,11,5,6,1
6/20/2026 13:27,karachi,161,Unhealthy,161,,,,,,31.0,3.0,5.1,13,5,6,1
6/20/2026 15:28,karachi,161,Unhealthy,161,,,,,,31.0,3.0,5.1,15,5,6,1
6/20/2026 17:15,karachi,161,Unhealthy,161,,,,,,31.0,3.0,5.1,17,5,6,1
6/20/2026 19:09,karachi,161,Unhealthy,161,,,,,,31.0,3.0,5.1,19,5,6,1
6/20/2026 21:04,karachi,161,Unhealthy,161,,,,,,31.0,3.0,5.1,21,5,6,1
6/20/2026 22:57,karachi,161,Unhealthy,161,,,,,,31.0,3.0,5.1,22,5,6,1
6/21/2026 0:03,karachi,161,Unhealthy,161,,,,,,31.0,3.0,5.1,0,6,6,1
6/21/2026 5:53,karachi,161,Unhealthy,161,,,,,,31.0,3.0,5.1,5,6,6,1
6/21/2026 9:35,karachi,161,Unhealthy,161,,,,,,31.0,3.0,5.1,9,6,6,1
6/21/2026 12:04,karachi,161,Unhealthy,161,,,,,,31.0,3.0,5.1,12,6,6,1
6/21/2026 15:06,karachi,161,Unhealthy,161,,,,,,31.0,3.0,5.1,15,6,6,1
6/21/2026 17:19,karachi,161,Unhealthy,161,,,,,,31.0,3.0,5.1,17,6,6,1
6/21/2026 19:15,karachi,161,Unhealthy,161,,,,,,31.0,3.0,5.1,19,6,6,1
6/21/2026 21:04,karachi,161,Unhealthy,161,,,,,,31.0,3.0,5.1,21,6,6,1
6/21/2026 23:00,karachi,161,Unhealthy,161,,,,,,31.0,3.0,5.1,23,6,6,1
6/22/2026 2:48,karachi,161,Unhealthy,161,,,,,,31.0,3.0,5.1,2,0,6,0
6/22/2026 8:49,karachi,161,Unhealthy,161,,,,,,31.0,3.0,5.1,8,0,6,0
6/22/2026 14:26,karachi,161,Unhealthy,161,,,,,,31.0,3.0,5.1,14,0,6,0
6/22/2026 18:40,karachi,161,Unhealthy,161,,,,,,31.0,3.0,5.1,18,0,6,0
6/22/2026 21:27,karachi,161,Unhealthy,161,,,,,,31.0,3.0,5.1,21,0,6,0
6/22/2026 23:12,karachi,161,Unhealthy,161,,,,,,31.0,3.0,5.1,23,0,6,0
6/23/2026 2:14,karachi,161,Unhealthy,161,,,,,,31.0,3.0,5.1,2,1,6,0
6/23/2026 6:39,karachi,161,Unhealthy,161,,,,,,31.0,3.0,5.1,6,1,6,0
6/23/2026 10:28,karachi,161,Unhealthy,161,,,,,,31.0,3.0,5.1,10,1,6,0
6/23/2026 13:36,karachi,161,Unhealthy,161,,,,,,31.0,3.0,5.1,13,1,6,0
6/23/2026 16:20,karachi,161,Unhealthy,161,,,,,,31.0,3.0,5.1,16,1,6,0
6/23/2026 19:03,karachi,161,Unhealthy,161,,,,,,31.0,3.0,5.1,19,1,6,0
6/23/2026 21:24,karachi,161,Unhealthy,161,,,,,,31.0,3.0,5.1,21,1,6,0
6/23/2026 22:59,karachi,161,Unhealthy,161,,,,,,31.0,3.0,5.1,22,1,6,0
6/24/2026 0:00,karachi,161,Unhealthy,161,,,,,,31.0,3.0,5.1,0,2,6,0
6/24/2026 4:57,karachi,161,Unhealthy,161,,,,,,31.0,3.0,5.1,4,2,6,0
6/24/2026 8:19,karachi,161,Unhealthy,161,,,,,,31.0,3.0,5.1,8,2,6,0
6/24/2026 11:38,karachi,161,Unhealthy,161,,,,,,31.0,3.0,5.1,11,2,6,0
6/24/2026 14:06,karachi,161,Unhealthy,161,,,,,,31.0,3.0,5.1,14,2,6,0
6/24/2026 16:59,karachi,161,Unhealthy,161,,,,,,31.0,3.0,5.1,16,2,6,0
6/24/2026 18:52,karachi,161,Unhealthy,161,,,,,,31.0,3.0,5.1,18,2,6,0
6/24/2026 20:27,karachi,161,Unhealthy,161,,,,,,31.0,3.0,5.1,20,2,6,0
6/24/2026 22:07,karachi,161,Unhealthy,161,,,,,,31.0,3.0,5.1,22,2,6,0
6/24/2026 23:58,karachi,161,Unhealthy,161,,,,,,31.0,3.0,5.1,23,2,6,0
6/25/2026 3:37,karachi,161,Unhealthy,161,,,,,,31.0,3.0,5.1,3,3,6,0
6/25/2026 7:33,karachi,161,Unhealthy,161,,,,,,31.0,3.0,5.1,7,3,6,0
6/25/2026 10:34,karachi,161,Unhealthy,161,,,,,,31.0,3.0,5.1,10,3,6,0
6/25/2026 13:10,karachi,161,Unhealthy,161,,,,,,31.0,3.0,5.1,13,3,6,0
6/25/2026 16:15,karachi,161,Unhealthy,161,,,,,,31.0,3.0,5.1,16,3,6,0
6/25/2026 19:01,karachi,161,Unhealthy,161,,,,,,31.0,3.0,5.1,19,3,6,0
6/25/2026 21:22,karachi,161,Unhealthy,161,,,,,,31.0,3.0,5.1,21,3,6,0
6/25/2026 23:07,karachi,161,Unhealthy,161,,,,,,31.0,3.0,5.1,23,3,6,0
6/26/2026 2:28,karachi,161,Unhealthy,161,,,,,,31.0,3.0,5.1,2,4,6,0
6/26/2026 6:43,karachi,161,Unhealthy,161,,,,,,31.0,3.0,5.1,6,4,6,0
6/26/2026 10:14,karachi,161,Unhealthy,161,,,,,,31.0,3.0,5.1,10,4,6,0
6/26/2026 13:03,karachi,161,Unhealthy,161,,,,,,31.0,3.0,5.1,13,4,6,0
6/26/2026 16:07,karachi,161,Unhealthy,161,,,,,,31.0,3.0,5.1,16,4,6,0
6/26/2026 18:22,karachi,161,Unhealthy,161,,,,,,31.0,3.0,5.1,18,4,6,0
6/26/2026 20:27,karachi,161,Unhealthy,161,,,,,,31.0,3.0,5.1,20,4,6,0
6/26/2026 22:02,karachi,161,Unhealthy,161,,,,,,31.0,3.0,5.1,22,4,6,0
6/26/2026 23:55,karachi,161,Unhealthy,161,,,,,,31.0,3.0,5.1,23,4,6,0
6/27/2026 2:15,karachi,161,Unhealthy,161,,,,,,31.0,3.0,5.1,2,5,6,1
6/27/2026 6:21,karachi,161,Unhealthy,161,,,,,,31.0,3.0,5.1,6,5,6,1
6/27/2026 9:22,karachi,161,Unhealthy,161,,,,,,31.0,3.0,5.1,9,5,6,1
6/27/2026 11:20,karachi,161,Unhealthy,161,,,,,,31.0,3.0,5.1,11,5,6,1
6/27/2026 13:10,karachi,161,Unhealthy,161,,,,,,31.0,3.0,5.1,13,5,6,1
6/27/2026 15:08,karachi,161,Unhealthy,161,,,,,,31.0,3.0,5.1,15,5,6,1
6/27/2026 16:57,karachi,161,Unhealthy,161,,,,,,31.0,3.0,5.1,16,5,6,1
6/27/2026 17:58,karachi,161,Unhealthy,161,,,,,,31.0,3.0,5.1,17,5,6,1
6/27/2026 19:21,karachi,161,Unhealthy,161,,,,,,31.0,3.0,5.1,19,5,6,1
6/27/2026 20:51,karachi,161,Unhealthy,161,,,,,,31.0,3.0,5.1,20,5,6,1
6/27/2026 21:54,karachi,161,Unhealthy,161,,,,,,31.0,3.0,5.1,21,5,6,1
6/27/2026 22:54,karachi,161,Unhealthy,161,,,,,,31.0,3.0,5.1,22,5,6,1
6/27/2026 23:54,karachi,161,Unhealthy,161,,,,,,31.0,3.0,5.1,23,5,6,1
6/28/2026 2:34,karachi,161,Unhealthy,161,,,,,,31.0,3.0,5.1,2,6,6,1
6/28/2026 6:54,karachi,161,Unhealthy,161,,,,,,31.0,3.0,5.1,6,6,6,1
6/28/2026 9:53,karachi,161,Unhealthy,161,,,,,,31.0,3.0,5.1,9,6,6,1
6/28/2026 11:42,karachi,161,Unhealthy,161,,,,,,31.0,3.0,5.1,11,6,6,1
6/28/2026 13:17,karachi,161,Unhealthy,161,,,,,,31.0,3.0,5.1,13,6,6,1
6/28/2026 15:11,karachi,161,Unhealthy,161,,,,,,31.0,3.0,5.1,15,6,6,1
6/28/2026 16:58,karachi,161,Unhealthy,161,,,,,,31.0,3.0,5.1,16,6,6,1
6/28/2026 18:04,karachi,161,Unhealthy,161,,,,,,31.0,3.0,5.1,18,6,6,1
6/28/2026 20:06,karachi,161,Unhealthy,161,,,,,,31.0,3.0,5.1,20,6,6,1
6/28/2026 21:54,karachi,161,Unhealthy,161,,,,,,31.0,3.0,5.1,21,6,6,1
6/28/2026 22:54,karachi,161,Unhealthy,161,,,,,,31.0,3.0,5.1,22,6,6,1
6/29/2026 0:00,karachi,161,Unhealthy,161,,,,,,31.0,3.0,5.1,0,0,6,0
6/29/2026 5:22,karachi,161,Unhealthy,161,,,,,,31.0,3.0,5.1,5,0,6,0
6/29/2026 10:22,karachi,161,Unhealthy,161,,,,,,31.0,3.0,5.1,10,0,6,0
6/29/2026 14:41,karachi,161,Unhealthy,161,,,,,,31.0,3.0,5.1,14,0,6,0
6/29/2026 17:27,karachi,161,Unhealthy,161,,,,,,31.0,3.0,5.1,17,0,6,0
6/29/2026 19:42,karachi,161,Unhealthy,161,,,,,,31.0,3.0,5.1,19,0,6,0
6/29/2026 21:16,karachi,161,Unhealthy,161,,,,,,31.0,3.0,5.1,21,0,6,0
6/29/2026 22:46,karachi,161,Unhealthy,161,,,,,,31.0,3.0,5.1,22,0,6,0
6/29/2026 23:54,karachi,161,Unhealthy,161,,,,,,31.0,3.0,5.1,23,0,6,0
6/30/2026 2:29,karachi,161,Unhealthy,161,,,,,,31.0,3.0,5.1,2,1,6,0
6/30/2026 6:47,karachi,161,Unhealthy,161,,,,,,31.0,3.0,5.1,6,1,6,0
6/30/2026 10:25,karachi,161,Unhealthy,161,,,,,,31.0,3.0,5.1,10,1,6,0
6/30/2026 13:03,karachi,161,Unhealthy,161,,,,,,31.0,3.0,5.1,13,1,6,0
6/30/2026 16:16,karachi,161,Unhealthy,161,,,,,,31.0,3.0,5.1,16,1,6,0
6/30/2026 18:28,karachi,161,Unhealthy,161,,,,,,31.0,3.0,5.1,18,1,6,0
6/30/2026 20:51,karachi,161,Unhealthy,161,,,,,,31.0,3.0,5.1,20,1,6,0
6/30/2026 22:09,karachi,161,Unhealthy,161,,,,,,31.0,3.0,5.1,22,1,6,0
6/30/2026 23:58,karachi,161,Unhealthy,161,,,,,,31.0,3.0,5.1,23,1,6,0
7/1/2026 3:46,karachi,161,Unhealthy,161,,,,,,31.0,3.0,5.1,3,2,7,0
7/1/2026 8:03,karachi,161,Unhealthy,161,,,,,,31.0,3.0,5.1,8,2,7,0
7/1/2026 11:51,karachi,161,Unhealthy,161,,,,,,31.0,3.0,5.1,11,2,7,0
7/1/2026 14:08,karachi,161,Unhealthy,161,,,,,,31.0,3.0,5.1,14,2,7,0
7/1/2026 17:06,karachi,161,Unhealthy,161,,,,,,31.0,3.0,5.1,17,2,7,0
7/1/2026 19:30,karachi,161,Unhealthy,161,,,,,,31.0,3.0,5.1,19,2,7,0
7/1/2026 21:18,karachi,161,Unhealthy,161,,,,,,31.0,3.0,5.1,21,2,7,0
7/1/2026 23:02,karachi,161,Unhealthy,161,,,,,,31.0,3.0,5.1,23,2,7,0
7/2/2026 2:15,karachi,161,Unhealthy,161,,,,,,31.0,3.0,5.1,2,3,7,0
7/2/2026 6:30,karachi,161,Unhealthy,161,,,,,,31.0,3.0,5.1,6,3,7,0
7/2/2026 9:52,karachi,161,Unhealthy,161,,,,,,31.0,3.0,5.1,9,3,7,0
7/2/2026 12:02,karachi,161,Unhealthy,161,,,,,,31.0,3.0,5.1,12,3,7,0
7/2/2026 15:06,karachi,161,Unhealthy,161,,,,,,31.0,3.0,5.1,15,3,7,0
7/2/2026 17:27,karachi,161,Unhealthy,161,,,,,,31.0,3.0,5.1,17,3,7,0
7/2/2026 19:09,karachi,161,Unhealthy,161,,,,,,31.0,3.0,5.1,19,3,7,0
7/2/2026 20:54,karachi,161,Unhealthy,161,,,,,,31.0,3.0,5.1,20,3,7,0
7/2/2026 21:59,karachi,161,Unhealthy,161,,,,,,31.0,3.0,5.1,21,3,7,0
7/2/2026 23:09,karachi,161,Unhealthy,161,,,,,,31.0,3.0,5.1,23,3,7,0
7/3/2026 1:59,karachi,161,Unhealthy,161,,,,,,31.0,3.0,5.1,1,4,7,0
7/3/2026 5:56,karachi,161,Unhealthy,161,,,,,,31.0,3.0,5.1,5,4,7,0
7/3/2026 8:54,karachi,161,Unhealthy,161,,,,,,31.0,3.0,5.1,8,4,7,0
7/3/2026 11:26,karachi,161,Unhealthy,161,,,,,,31.0,3.0,5.1,11,4,7,0
7/3/2026 13:42,karachi,161,Unhealthy,161,,,,,,31.0,3.0,5.1,13,4,7,0
7/3/2026 15:48,karachi,161,Unhealthy,161,,,,,,31.0,3.0,5.1,15,4,7,0
7/3/2026 17:13,karachi,161,Unhealthy,161,,,,,,31.0,3.0,5.1,17,4,7,0
7/3/2026 19:02,karachi,161,Unhealthy,161,,,,,,31.0,3.0,5.1,19,4,7,0
7/3/2026 20:52,karachi,161,Unhealthy,161,,,,,,31.0,3.0,5.1,20,4,7,0
7/3/2026 21:56,karachi,161,Unhealthy,161,,,,,,31.0,3.0,5.1,21,4,7,0
7/3/2026 22:56,karachi,161,Unhealthy,161,,,,,,31.0,3.0,5.1,22,4,7,0
7/4/2026 0:00,karachi,161,Unhealthy,161,,,,,,31.0,3.0,5.1,0,5,7,1
7/4/2026 4:27,karachi,161,Unhealthy,161,,,,,,31.0,3.0,5.1,4,5,7,1
7/4/2026 7:36,karachi,161,Unhealthy,161,,,,,,31.0,3.0,5.1,7,5,7,1
7/4/2026 9:59,karachi,161,Unhealthy,161,,,,,,31.0,3.0,5.1,9,5,7,1
7/4/2026 11:33,karachi,161,Unhealthy,161,,,,,,31.0,3.0,5.1,11,5,7,1
7/4/2026 13:00,karachi,161,Unhealthy,161,,,,,,31.0,3.0,5.1,13,5,7,1
7/4/2026 14:57,karachi,161,Unhealthy,161,,,,,,31.0,3.0,5.1,14,5,7,1
7/4/2026 15:58,karachi,161,Unhealthy,161,,,,,,31.0,3.0,5.1,15,5,7,1
7/4/2026 17:06,karachi,161,Unhealthy,161,,,,,,31.0,3.0,5.1,17,5,7,1
7/4/2026 18:56,karachi,161,Unhealthy,161,,,,,,31.0,3.0,5.1,18,5,7,1
7/4/2026 20:06,karachi,161,Unhealthy,161,,,,,,31.0,3.0,5.1,20,5,7,1
7/4/2026 21:48,karachi,161,Unhealthy,161,,,,,,31.0,3.0,5.1,21,5,7,1
7/4/2026 22:47,karachi,161,Unhealthy,161,,,,,,31.0,3.0,5.1,22,5,7,1
7/4/2026 23:53,karachi,161,Unhealthy,161,,,,,,31.0,3.0,5.1,23,5,7,1
7/5/2026 2:06,karachi,161,Unhealthy,161,,,,,,31.0,3.0,5.1,2,6,7,1
7/5/2026 6:30,karachi,161,Unhealthy,161,,,,,,31.0,3.0,5.1,6,6,7,1
7/5/2026 9:34,karachi,161,Unhealthy,161,,,,,,31.0,3.0,5.1,9,6,7,1
7/5/2026 11:23,karachi,161,Unhealthy,161,,,,,,31.0,3.0,5.1,11,6,7,1
7/5/2026 13:08,karachi,161,Unhealthy,161,,,,,,31.0,3.0,5.1,13,6,7,1
7/5/2026 15:05,karachi,161,Unhealthy,161,,,,,,31.0,3.0,5.1,15,6,7,1
7/5/2026 16:55,karachi,161,Unhealthy,161,,,,,,31.0,3.0,5.1,16,6,7,1
7/5/2026 17:56,karachi,161,Unhealthy,161,,,,,,31.0,3.0,5.1,17,6,7,1
7/5/2026 19:09,karachi,161,Unhealthy,161,,,,,,31.0,3.0,5.1,19,6,7,1
7/5/2026 20:47,karachi,161,Unhealthy,161,,,,,,31.0,3.0,5.1,20,6,7,1
7/5/2026 21:52,karachi,161,Unhealthy,161,,,,,,31.0,3.0,5.1,21,6,7,1
7/5/2026 22:53,karachi,161,Unhealthy,161,,,,,,31.0,3.0,5.1,22,6,7,1
7/5/2026 23:57,karachi,161,Unhealthy,161,,,,,,31.0,3.0,5.1,23,6,7,1
7/6/2026 2:56,karachi,161,Unhealthy,161,,,,,,31.0,3.0,5.1,2,0,7,0
7/6/2026 7:06,karachi,161,Unhealthy,161,,,,,,31.0,3.0,5.1,7,0,7,0
7/6/2026 11:55,karachi,161,Unhealthy,161,,,,,,31.0,3.0,5.1,11,0,7,0
7/6/2026 15:13,karachi,161,Unhealthy,161,,,,,,31.0,3.0,5.1,15,0,7,0
7/6/2026 18:04,karachi,161,Unhealthy,161,,,,,,31.0,3.0,5.1,18,0,7,0
7/6/2026 20:46,karachi,161,Unhealthy,161,,,,,,31.0,3.0,5.1,20,0,7,0
7/6/2026 22:05,karachi,161,Unhealthy,161,,,,,,31.0,3.0,5.1,22,0,7,0
7/6/2026 23:58,karachi,161,Unhealthy,161,,,,,,31.0,3.0,5.1,23,0,7,0
7/7/2026 3:21,karachi,161,Unhealthy,161,,,,,,31.0,3.0,5.1,3,1,7,0
7/7/2026 7:28,karachi,161,Unhealthy,161,,,,,,31.0,3.0,5.1,7,1,7,0
7/7/2026 10:45,karachi,161,Unhealthy,161,,,,,,31.0,3.0,5.1,10,1,7,0
7/7/2026 13:10,karachi,161,Unhealthy,161,,,,,,31.0,3.0,5.1,13,1,7,0
7/7/2026 16:17,karachi,161,Unhealthy,161,,,,,,31.0,3.0,5.1,16,1,7,0
7/7/2026 18:54,karachi,161,Unhealthy,161,,,,,,31.0,3.0,5.1,18,1,7,0
7/7/2026 20:44,karachi,161,Unhealthy,161,,,,,,31.0,3.0,5.1,20,1,7,0
7/7/2026 22:04,karachi,161,Unhealthy,161,,,,,,31.0,3.0,5.1,22,1,7,0
7/7/2026 23:47,karachi,161,Unhealthy,161,,,,,,31.0,3.0,5.1,23,1,7,0
7/8/2026 1:47,karachi,161,Unhealthy,161,,,,,,31.0,3.0,5.1,1,2,7,0
7/8/2026 4:59,karachi,161,Unhealthy,161,,,,,,31.0,3.0,5.1,4,2,7,0
7/8/2026 7:30,karachi,161,Unhealthy,161,,,,,,31.0,3.0,5.1,7,2,7,0
7/8/2026 10:07,karachi,161,Unhealthy,161,,,,,,31.0,3.0,5.1,10,2,7,0
7/8/2026 12:14,karachi,161,Unhealthy,161,,,,,,31.0,3.0,5.1,12,2,7,0
7/8/2026 15:09,karachi,161,Unhealthy,161,,,,,,31.0,3.0,5.1,15,2,7,0
7/8/2026 17:19,karachi,161,Unhealthy,161,,,,,,31.0,3.0,5.1,17,2,7,0
7/8/2026 19:07,karachi,161,Unhealthy,161,,,,,,31.0,3.0,5.1,19,2,7,0
7/8/2026 20:56,karachi,161,Unhealthy,161,,,,,,31.0,3.0,5.1,20,2,7,0
7/8/2026 22:01,karachi,161,Unhealthy,161,,,,,,31.0,3.0,5.1,22,2,7,0
7/8/2026 23:59,karachi,161,Unhealthy,161,,,,,,31.0,3.0,5.1,23,2,7,0
7/9/2026 3:32,karachi,161,Unhealthy,161,,,,,,31.0,3.0,5.1,3,3,7,0
7/9/2026 7:28,karachi,161,Unhealthy,161,,,,,,31.0,3.0,5.1,7,3,7,0
7/9/2026 10:50,karachi,161,Unhealthy,161,,,,,,31.0,3.0,5.1,10,3,7,0
7/9/2026 13:42,karachi,161,Unhealthy,161,,,,,,31.0,3.0,5.1,13,3,7,0
7/9/2026 16:22,karachi,161,Unhealthy,161,,,,,,31.0,3.0,5.1,16,3,7,0
7/9/2026 18:45,karachi,161,Unhealthy,161,,,,,,31.0,3.0,5.1,18,3,7,0
7/9/2026 20:41,karachi,161,Unhealthy,161,,,,,,31.0,3.0,5.1,20,3,7,0
7/9/2026 22:13,karachi,161,Unhealthy,161,,,,,,31.0,3.0,5.1,22,3,7,0
7/9/2026 23:57,karachi,161,Unhealthy,161,,,,,,31.0,3.0,5.1,23,3,7,0
7/10/2026 2:48,karachi,161,Unhealthy,161,,,,,,31.0,3.0,5.1,2,4,7,0
7/10/2026 6:33,karachi,161,Unhealthy,161,,,,,,31.0,3.0,5.1,6,4,7,0
7/10/2026 10:14,karachi,161,Unhealthy,161,,,,,,31.0,3.0,5.1,10,4,7,0
7/10/2026 13:03,karachi,161,Unhealthy,161,,,,,,31.0,3.0,5.1,13,4,7,0
7/10/2026 16:14,karachi,161,Unhealthy,161,,,,,,31.0,3.0,5.1,16,4,7,0
7/10/2026 18:16,karachi,161,Unhealthy,161,,,,,,31.0,3.0,5.1,18,4,7,0
7/10/2026 20:14,karachi,161,Unhealthy,161,,,,,,31.0,3.0,5.1,20,4,7,0
7/10/2026 21:51,karachi,161,Unhealthy,161,,,,,,31.0,3.0,5.1,21,4,7,0
7/10/2026 22:50,karachi,161,Unhealthy,161,,,,,,31.0,3.0,5.1,22,4,7,0
7/10/2026 23:48,karachi,161,Unhealthy,161,,,,,,31.0,3.0,5.1,23,4,7,0
7/11/2026 1:46,karachi,161,Unhealthy,161,,,,,,31.0,3.0,5.1,1,5,7,1
7/11/2026 4:54,karachi,161,Unhealthy,161,,,,,,31.0,3.0,5.1,4,5,7,1
7/11/2026 7:06,karachi,161,Unhealthy,161,,,,,,31.0,3.0,5.1,7,5,7,1
7/11/2026 9:17,karachi,161,Unhealthy,161,,,,,,31.0,3.0,5.1,9,5,7,1
7/11/2026 10:54,karachi,161,Unhealthy,161,,,,,,31.0,3.0,5.1,10,5,7,1
7/11/2026 11:44,karachi,161,Unhealthy,161,,,,,,31.0,3.0,5.1,11,5,7,1
7/11/2026 12:55,karachi,161,Unhealthy,161,,,,,,31.0,3.0,5.1,12,5,7,1
7/11/2026 14:18,karachi,161,Unhealthy,161,,,,,,31.0,3.0,5.1,14,5,7,1
7/11/2026 15:44,karachi,161,Unhealthy,161,,,,,,31.0,3.0,5.1,15,5,7,1
7/11/2026 16:42,karachi,161,Unhealthy,161,,,,,,31.0,3.0,5.1,16,5,7,1
7/11/2026 17:45,karachi,161,Unhealthy,161,,,,,,31.0,3.0,5.1,17,5,7,1
7/11/2026 18:44,karachi,161,Unhealthy,161,,,,,,31.0,3.0,5.1,18,5,7,1
7/11/2026 19:59,karachi,161,Unhealthy,161,,,,,,31.0,3.0,5.1,19,5,7,1
7/11/2026 20:49,karachi,161,Unhealthy,161,,,,,,31.0,3.0,5.1,20,5,7,1
7/11/2026 21:39,karachi,161,Unhealthy,161,,,,,,31.0,3.0,5.1,21,5,7,1
7/11/2026 22:37,karachi,161,Unhealthy,161,,,,,,31.0,3.0,5.1,22,5,7,1
7/11/2026 23:43,karachi,161,Unhealthy,161,,,,,,31.0,3.0,5.1,23,5,7,1
7/12/2026 1:48,karachi,161,Unhealthy,161,,,,,,31.0,3.0,5.1,1,6,7,1
7/12/2026 5:17,karachi,161,Unhealthy,161,,,,,,31.0,3.0,5.1,5,6,7,1
7/12/2026 7:59,karachi,161,Unhealthy,161,,,,,,31.0,3.0,5.1,7,6,7,1
7/12/2026 9:52,karachi,161,Unhealthy,161,,,,,,31.0,3.0,5.1,9,6,7,1
7/12/2026 11:04,karachi,161,Unhealthy,161,,,,,,31.0,3.0,5.1,11,6,7,1
7/12/2026 12:56,karachi,161,Unhealthy,161,,,,,,31.0,3.0,5.1,12,6,7,1
7/12/2026 14:23,karachi,161,Unhealthy,161,,,,,,31.0,3.0,5.1,14,6,7,1
7/12/2026 15:50,karachi,161,Unhealthy,161,,,,,,31.0,3.0,5.1,15,6,7,1
7/12/2026 16:46,karachi,161,Unhealthy,161,,,,,,31.0,3.0,5.1,16,6,7,1
7/12/2026 17:51,karachi,161,Unhealthy,161,,,,,,31.0,3.0,5.1,17,6,7,1
7/12/2026 18:51,karachi,161,Unhealthy,161,,,,,,31.0,3.0,5.1,18,6,7,1
7/12/2026 20:01,karachi,161,Unhealthy,161,,,,,,31.0,3.0,5.1,20,6,7,1
7/12/2026 21:39,karachi,161,Unhealthy,161,,,,,,31.0,3.0,5.1,21,6,7,1
7/12/2026 22:37,karachi,161,Unhealthy,161,,,,,,31.0,3.0,5.1,22,6,7,1
7/12/2026 23:43,karachi,161,Unhealthy,161,,,,,,31.0,3.0,5.1,23,6,7,1
7/13/2026 1:51,karachi,161,Unhealthy,161,,,,,,31.0,3.0,5.1,1,0,7,0
7/13/2026 5:27,karachi,161,Unhealthy,161,,,,,,31.0,3.0,5.1,5,0,7,0
7/13/2026 8:48,karachi,161,Unhealthy,161,,,,,,31.0,3.0,5.1,8,0,7,0
7/13/2026 11:51,karachi,161,Unhealthy,161,,,,,,31.0,3.0,5.1,11,0,7,0
7/13/2026 14:05,karachi,161,Unhealthy,161,,,,,,31.0,3.0,5.1,14,0,7,0
7/13/2026 17:06,karachi,161,Unhealthy,161,,,,,,31.0,3.0,5.1,17,0,7,0
7/13/2026 19:12,karachi,161,Unhealthy,161,,,,,,31.0,3.0,5.1,19,0,7,0
7/13/2026 20:49,karachi,161,Unhealthy,161,,,,,,31.0,3.0,5.1,20,0,7,0
7/13/2026 21:44,karachi,161,Unhealthy,161,,,,,,31.0,3.0,5.1,21,0,7,0
7/13/2026 22:44,karachi,161,Unhealthy,161,,,,,,31.0,3.0,5.1,22,0,7,0
7/13/2026 23:43,karachi,161,Unhealthy,161,,,,,,31.0,3.0,5.1,23,0,7,0
7/14/2026 1:27,karachi,161,Unhealthy,161,,,,,,31.0,3.0,5.1,1,1,7,0
7/14/2026 4:41,karachi,161,Unhealthy,161,,,,,,31.0,3.0,5.1,4,1,7,0
7/14/2026 7:03,karachi,161,Unhealthy,161,,,,,,31.0,3.0,5.1,7,1,7,0
7/14/2026 9:46,karachi,161,Unhealthy,161,,,,,,31.0,3.0,5.1,9,1,7,0
7/14/2026 11:17,karachi,161,Unhealthy,161,,,,,,31.0,3.0,5.1,11,1,7,0
7/14/2026 13:08,karachi,161,Unhealthy,161,,,,,,31.0,3.0,5.1,13,1,7,0
7/14/2026 15:16,karachi,161,Unhealthy,161,,,,,,31.0,3.0,5.1,15,1,7,0
7/14/2026 17:03,karachi,161,Unhealthy,161,,,,,,31.0,3.0,5.1,17,1,7,0
7/14/2026 19:02,karachi,161,Unhealthy,161,,,,,,31.0,3.0,5.1,19,1,7,0
7/14/2026 20:49,karachi,161,Unhealthy,161,,,,,,31.0,3.0,5.1,20,1,7,0
7/14/2026 21:47,karachi,161,Unhealthy,161,,,,,,31.0,3.0,5.1,21,1,7,0
7/14/2026 22:47,karachi,161,Unhealthy,161,,,,,,31.0,3.0,5.1,22,1,7,0
7/14/2026 23:42,karachi,161,Unhealthy,161,,,,,,31.0,3.0,5.1,23,1,7,0
7/15/2026 1:24,karachi,161,Unhealthy,161,,,,,,31.0,3.0,5.1,1,2,7,0
7/15/2026 4:41,karachi,161,Unhealthy,161,,,,,,31.0,3.0,5.1,4,2,7,0
7/15/2026 7:06,karachi,161,Unhealthy,161,,,,,,31.0,3.0,5.1,7,2,7,0
7/15/2026 9:50,karachi,161,Unhealthy,161,,,,,,31.0,3.0,5.1,9,2,7,0
7/15/2026 11:21,karachi,161,Unhealthy,161,,,,,,31.0,3.0,5.1,11,2,7,0
7/15/2026 13:12,karachi,161,Unhealthy,161,,,,,,31.0,3.0,5.1,13,2,7,0
7/15/2026 15:18,karachi,161,Unhealthy,161,,,,,,31.0,3.0,5.1,15,2,7,0
7/15/2026 17:05,karachi,161,Unhealthy,161,,,,,,31.0,3.0,5.1,17,2,7,0
7/15/2026 18:55,karachi,161,Unhealthy,161,,,,,,31.0,3.0,5.1,18,2,7,0
7/15/2026 20:02,karachi,161,Unhealthy,161,,,,,,31.0,3.0,5.1,20,2,7,0
7/15/2026 21:48,karachi,161,Unhealthy,161,,,,,,31.0,3.0,5.1,21,2,7,0
7/15/2026 22:49,karachi,161,Unhealthy,161,,,,,,31.0,3.0,5.1,22,2,7,0
7/15/2026 23:51,karachi,161,Unhealthy,161,,,,,,31.0,3.0,5.1,23,2,7,0
7/16/2026 1:44,karachi,161,Unhealthy,161,,,,,,31.0,3.0,5.1,1,3,7,0
7/16/2026 4:51,karachi,161,Unhealthy,161,,,,,,31.0,3.0,5.1,4,3,7,0
7/16/2026 7:15,karachi,161,Unhealthy,161,,,,,,31.0,3.0,5.1,7,3,7,0
7/16/2026 9:57,karachi,161,Unhealthy,161,,,,,,31.0,3.0,5.1,9,3,7,0
7/16/2026 11:29,karachi,161,Unhealthy,161,,,,,,31.0,3.0,5.1,11,3,7,0
7/16/2026 13:20,karachi,161,Unhealthy,161,,,,,,31.0,3.0,5.1,13,3,7,0
7/16/2026 15:26,karachi,161,Unhealthy,161,,,,,,31.0,3.0,5.1,15,3,7,0
7/16/2026 17:03,karachi,161,Unhealthy,161,,,,,,31.0,3.0,5.1,17,3,7,0
7/16/2026 18:55,karachi,161,Unhealthy,161,,,,,,31.0,3.0,5.1,18,3,7,0
7/16/2026 19:57,karachi,161,Unhealthy,161,,,,,,31.0,3.0,5.1,19,3,7,0
7/16/2026 20:52,karachi,161,Unhealthy,161,,,,,,31.0,3.0,5.1,20,3,7,0
7/16/2026 21:58,karachi,161,Unhealthy,161,,,,,,31.0,3.0,5.1,21,3,7,0
7/16/2026 22:51,karachi,161,Unhealthy,161,,,,,,31.0,3.0,5.1,22,3,7,0
7/16/2026 23:50,karachi,161,Unhealthy,161,,,,,,31.0,3.0,5.1,23,3,7,0
7/17/2026 1:48,karachi,161,Unhealthy,161,,,,,,31.0,3.0,5.1,1,4,7,0
7/17/2026 4:54,karachi,161,Unhealthy,161,,,,,,31.0,3.0,5.1,4,4,7,0
7/17/2026 7:10,karachi,161,Unhealthy,161,,,,,,31.0,3.0,5.1,7,4,7,0
7/17/2026 9:47,karachi,161,Unhealthy,161,,,,,,31.0,3.0,5.1,9,4,7,0
7/17/2026 11:14,karachi,161,Unhealthy,161,,,,,,31.0,3.0,5.1,11,4,7,0
7/17/2026 13:04,karachi,161,Unhealthy,161,,,,,,31.0,3.0,5.1,13,4,7,0
7/17/2026 15:05,karachi,161,Unhealthy,161,,,,,,31.0,3.0,5.1,15,4,7,0
7/17/2026 17:00,karachi,161,Unhealthy,161,,,,,,31.0,3.0,5.1,17,4,7,0
7/17/2026 18:08,karachi,161,Unhealthy,161,,,,,,31.0,3.0,5.1,18,4,7,0
7/17/2026 19:58,karachi,161,Unhealthy,161,,,,,,31.0,3.0,5.1,19,4,7,0
7/17/2026 20:52,karachi,161,Unhealthy,161,,,,,,31.0,3.0,5.1,20,4,7,0
7/17/2026 21:42,karachi,161,Unhealthy,161,,,,,,31.0,3.0,5.1,21,4,7,0
7/17/2026 22:39,karachi,161,Unhealthy,161,,,,,,31.0,3.0,5.1,22,4,7,0
7/17/2026 23:42,karachi,161,Unhealthy,161,,,,,,31.0,3.0,5.1,23,4,7,0
7/18/2026 1:28,karachi,161,Unhealthy,161,,,,,,31.0,3.0,5.1,1,5,7,1
7/18/2026 4:39,karachi,161,Unhealthy,161,,,,,,31.0,3.0,5.1,4,5,7,1
7/18/2026 6:53,karachi,161,Unhealthy,161,,,,,,31.0,3.0,5.1,6,5,7,1
7/18/2026 8:42,karachi,161,Unhealthy,161,,,,,,31.0,3.0,5.1,8,5,7,1
7/18/2026 10:09,karachi,161,Unhealthy,161,,,,,,31.0,3.0,5.1,10,5,7,1
7/18/2026 11:44,karachi,161,Unhealthy,161,,,,,,31.0,3.0,5.1,11,5,7,1
7/18/2026 12:52,karachi,161,Unhealthy,161,,,,,,31.0,3.0,5.1,12,5,7,1
7/18/2026 14:16,karachi,161,Unhealthy,161,,,,,,31.0,3.0,5.1,14,5,7,1
7/18/2026 15:44,karachi,161,Unhealthy,161,,,,,,31.0,3.0,5.1,15,5,7,1
7/18/2026 16:43,karachi,161,Unhealthy,161,,,,,,31.0,3.0,5.1,16,5,7,1
7/18/2026 17:47,karachi,161,Unhealthy,161,,,,,,31.0,3.0,5.1,17,5,7,1
7/18/2026 18:46,karachi,161,Unhealthy,161,,,,,,31.0,3.0,5.1,18,5,7,1
7/18/2026 19:58,karachi,161,Unhealthy,161,,,,,,31.0,3.0,5.1,19,5,7,1
7/18/2026 20:45,karachi,161,Unhealthy,161,,,,,,31.0,3.0,5.1,20,5,7,1
7/18/2026 21:40,karachi,161,Unhealthy,161,,,,,,31.0,3.0,5.1,21,5,7,1
7/18/2026 22:38,karachi,161,Unhealthy,161,,,,,,31.0,3.0,5.1,22,5,7,1
7/18/2026 23:42,karachi,161,Unhealthy,161,,,,,,31.0,3.0,5.1,23,5,7,1
7/19/2026 1:46,karachi,161,Unhealthy,161,,,,,,31.0,3.0,5.1,1,6,7,1
7/19/2026 5:12,karachi,161,Unhealthy,161,,,,,,31.0,3.0,5.1,5,6,7,1
7/19/2026 8:00,karachi,161,Unhealthy,161,,,,,,31.0,3.0,5.1,8,6,7,1
7/19/2026 9:52,karachi,161,Unhealthy,161,,,,,,31.0,3.0,5.1,9,6,7,1
7/19/2026 11:04,karachi,161,Unhealthy,161,,,,,,31.0,3.0,5.1,11,6,7,1
7/19/2026 12:54,karachi,161,Unhealthy,161,,,,,,31.0,3.0,5.1,12,6,7,1
7/19/2026 14:20,karachi,161,Unhealthy,161,,,,,,31.0,3.0,5.1,14,6,7,1
7/19/2026 15:47,karachi,161,Unhealthy,161,,,,,,31.0,3.0,5.1,15,6,7,1
7/19/2026 16:45,karachi,161,Unhealthy,161,,,,,,31.0,3.0,5.1,16,6,7,1
7/19/2026 17:49,karachi,161,Unhealthy,161,,,,,,31.0,3.0,5.1,17,6,7,1
7/19/2026 18:51,karachi,161,Unhealthy,161,,,,,,31.0,3.0,5.1,18,6,7,1
7/19/2026 20:02,karachi,161,Unhealthy,161,,,,,,31.0,3.0,5.1,20,6,7,1
7/19/2026 21:41,karachi,161,Unhealthy,161,,,,,,31.0,3.0,5.1,21,6,7,1
7/19/2026 22:41,karachi,161,Unhealthy,161,,,,,,31.0,3.0,5.1,22,6,7,1
7/19/2026 23:47,karachi,161,Unhealthy,161,,,,,,31.0,3.0,5.1,23,6,7,1
7/20/2026 2:02,karachi,161,Unhealthy,161,,,,,,31.0,3.0,5.1,2,0,7,0
7/20/2026 5:59,karachi,161,Unhealthy,161,,,,,,31.0,3.0,5.1,5,0,7,0
7/20/2026 9:18,karachi,161,Unhealthy,161,,,,,,31.0,3.0,5.1,9,0,7,0
7/20/2026 12:08,karachi,161,Unhealthy,161,,,,,,31.0,3.0,5.1,12,0,7,0
7/20/2026 15:01,karachi,161,Unhealthy,161,,,,,,31.0,3.0,5.1,15,0,7,0
7/20/2026 17:22,karachi,161,Unhealthy,161,,,,,,31.0,3.0,5.1,17,0,7,0
7/20/2026 19:25,karachi,161,Unhealthy,161,,,,,,31.0,3.0,5.1,19,0,7,0
7/20/2026 21:00,karachi,161,Unhealthy,161,,,,,,31.0,3.0,5.1,21,0,7,0
7/20/2026 22:46,karachi,161,Unhealthy,161,,,,,,31.0,3.0,5.1,22,0,7,0
7/20/2026 23:47,karachi,161,Unhealthy,161,,,,,,31.0,3.0,5.1,23,0,7,0
7/21/2026 1:46,karachi,161,Unhealthy,161,,,,,,31.0,3.0,5.1,1,1,7,0
7/21/2026 4:59,karachi,161,Unhealthy,161,,,,,,31.0,3.0,5.1,4,1,7,0
7/21/2026 7:33,karachi,161,Unhealthy,161,,,,,,31.0,3.0,5.1,7,1,7,0
7/21/2026 10:15,karachi,161,Unhealthy,161,,,,,,31.0,3.0,5.1,10,1,7,0
7/21/2026 12:19,karachi,161,Unhealthy,161,,,,,,31.0,3.0,5.1,12,1,7,0
7/21/2026 14:55,karachi,161,Unhealthy,161,,,,,,31.0,3.0,5.1,14,1,7,0
7/21/2026 16:15,karachi,161,Unhealthy,161,,,,,,31.0,3.0,5.1,16,1,7,0
7/21/2026 18:09,karachi,161,Unhealthy,161,,,,,,31.0,3.0,5.1,18,1,7,0
7/21/2026 20:13,karachi,161,Unhealthy,161,,,,,,31.0,3.0,5.1,20,1,7,0
7/21/2026 21:55,karachi,161,Unhealthy,161,,,,,,31.0,3.0,5.1,21,1,7,0
7/21/2026 22:44,karachi,161,Unhealthy,161,,,,,,31.0,3.0,5.1,22,1,7,0
7/21/2026 23:47,karachi,161,Unhealthy,161,,,,,,31.0,3.0,5.1,23,1,7,0
7/22/2026 1:45,karachi,161,Unhealthy,161,,,,,,31.0,3.0,5.1,1,2,7,0
7/22/2026 4:59,karachi,161,Unhealthy,161,,,,,,31.0,3.0,5.1,4,2,7,0
7/22/2026 7:34,karachi,161,Unhealthy,161,,,,,,31.0,3.0,5.1,7,2,7,0
7/22/2026 10:14,karachi,161,Unhealthy,161,,,,,,31.0,3.0,5.1,10,2,7,0
7/22/2026 12:21,karachi,161,Unhealthy,161,,,,,,31.0,3.0,5.1,12,2,7,0
7/22/2026 14:56,karachi,161,Unhealthy,161,,,,,,31.0,3.0,5.1,14,2,7,0
7/22/2026 16:15,karachi,161,Unhealthy,161,,,,,,31.0,3.0,5.1,16,2,7,0
7/22/2026 18:02,karachi,161,Unhealthy,161,,,,,,31.0,3.0,5.1,18,2,7,0
7/22/2026 20:06,karachi,161,Unhealthy,161,,,,,,31.0,3.0,5.1,20,2,7,0
7/22/2026 21:57,karachi,161,Unhealthy,161,,,,,,31.0,3.0,5.1,21,2,7,0
7/22/2026 22:57,karachi,161,Unhealthy,161,,,,,,31.0,3.0,5.1,22,2,7,0
7/22/2026 23:58,karachi,161,Unhealthy,161,,,,,,31.0,3.0,5.1,23,2,7,0
7/23/2026 2:42,karachi,161,Unhealthy,161,,,,,,31.0,3.0,5.1,2,3,7,0
7/23/2026 5:44,karachi,161,Unhealthy,161,,,,,,31.0,3.0,5.1,5,3,7,0
7/23/2026 8:12,karachi,161,Unhealthy,161,,,,,,31.0,3.0,5.1,8,3,7,0
7/23/2026 11:00,karachi,161,Unhealthy,161,,,,,,31.0,3.0,5.1,11,3,7,0
7/23/2026 12:25,karachi,161,Unhealthy,161,,,,,,31.0,3.0,5.1,12,3,7,0
7/23/2026 15:02,karachi,161,Unhealthy,161,,,,,,31.0,3.0,5.1,15,3,7,0
7/23/2026 17:09,karachi,161,Unhealthy,161,,,,,,31.0,3.0,5.1,17,3,7,0
7/23/2026 18:59,karachi,161,Unhealthy,161,,,,,,31.0,3.0,5.1,18,3,7,0
7/23/2026 20:12,karachi,161,Unhealthy,161,,,,,,31.0,3.0,5.1,20,3,7,0
7/23/2026 21:56,karachi,161,Unhealthy,161,,,,,,31.0,3.0,5.1,21,3,7,0
7/23/2026 22:51,karachi,161,Unhealthy,161,,,,,,31.0,3.0,5.1,22,3,7,0
7/23/2026 23:52,karachi,161,Unhealthy,161,,,,,,31.0,3.0,5.1,23,3,7,0
7/24/2026 1:48,karachi,161,Unhealthy,161,,,,,,31.0,3.0,5.1,1,4,7,0
7/24/2026 5:11,karachi,161,Unhealthy,161,,,,,,31.0,3.0,5.1,5,4,7,0
7/24/2026 8:07,karachi,161,Unhealthy,161,,,,,,31.0,3.0,5.1,8,4,7,0
7/24/2026 10:53,karachi,161,Unhealthy,161,,,,,,31.0,3.0,5.1,10,4,7,0
7/24/2026 12:12,karachi,161,Unhealthy,161,,,,,,31.0,3.0,5.1,12,4,7,0
7/24/2026 14:44,karachi,161,Unhealthy,161,,,,,,31.0,3.0,5.1,14,4,7,0
7/24/2026 18:10,karachi,161,Unhealthy,161,,,,,,31.0,3.0,5.1,18,4,7,0
7/24/2026 20:10,karachi,161,Unhealthy,161,,,,,,31.0,3.0,5.1,20,4,7,0
7/24/2026 21:55,karachi,161,Unhealthy,161,,,,,,31.0,3.0,5.1,21,4,7,0
7/24/2026 22:54,karachi,161,Unhealthy,161,,,,,,31.0,3.0,5.1,22,4,7,0
7/24/2026 23:56,karachi,161,Unhealthy,161,,,,,,31.0,3.0,5.1,23,4,7,0
7/25/2026 1:58,karachi,161,Unhealthy,161,,,,,,31.0,3.0,5.1,1,5,7,1
7/25/2026 5:15,karachi,161,Unhealthy,161,,,,,,31.0,3.0,5.1,5,5,7,1
7/25/2026 7:50,karachi,161,Unhealthy,161,,,,,,31.0,3.0,5.1,7,5,7,1
7/25/2026 9:27,karachi,161,Unhealthy,161,,,,,,31.0,3.0,5.1,9,5,7,1
7/25/2026 11:01,karachi,161,Unhealthy,161,,,,,,31.0,3.0,5.1,11,5,7,1
7/25/2026 13:01,karachi,161,Unhealthy,161,,,,,,31.0,3.0,5.1,13,5,7,1
7/25/2026 14:54,karachi,161,Unhealthy,161,,,,,,31.0,3.0,5.1,14,5,7,1
7/25/2026 15:56,karachi,161,Unhealthy,161,,,,,,31.0,3.0,5.1,15,5,7,1
7/25/2026 16:51,karachi,161,Unhealthy,161,,,,,,31.0,3.0,5.1,16,5,7,1
7/25/2026 17:50,karachi,161,Unhealthy,161,,,,,,31.0,3.0,5.1,17,5,7,1
7/25/2026 18:53,karachi,161,Unhealthy,161,,,,,,31.0,3.0,5.1,18,5,7,1
7/25/2026 20:05,karachi,161,Unhealthy,161,,,,,,31.0,3.0,5.1,20,5,7,1
7/25/2026 21:43,karachi,161,Unhealthy,161,,,,,,31.0,3.0,5.1,21,5,7,1
7/25/2026 22:43,karachi,161,Unhealthy,161,,,,,,31.0,3.0,5.1,22,5,7,1
7/25/2026 23:51,karachi,161,Unhealthy,161,,,,,,31.0,3.0,5.1,23,5,7,1
7/26/2026 1:51,karachi,161,Unhealthy,161,,,,,,31.0,3.0,5.1,1,6,7,1
7/26/2026 5:22,karachi,161,Unhealthy,161,,,,,,31.0,3.0,5.1,5,6,7,1
7/26/2026 8:08,karachi,161,Unhealthy,161,,,,,,31.0,3.0,5.1,8,6,7,1
7/26/2026 10:29,karachi,161,Unhealthy,161,,,,,,31.0,3.0,5.1,10,6,7,1
7/26/2026 11:54,karachi,161,Unhealthy,161,,,,,,31.0,3.0,5.1,11,6,7,1
7/26/2026 12:58,karachi,161,Unhealthy,161,,,,,,31.0,3.0,5.1,12,6,7,1
7/26/2026 14:28,karachi,161,Unhealthy,161,,,,,,31.0,3.0,5.1,14,6,7,1
7/26/2026 15:55,karachi,161,Unhealthy,161,,,,,,31.0,3.0,5.1,15,6,7,1
7/26/2026 16:47,karachi,161,Unhealthy,161,,,,,,31.0,3.0,5.1,16,6,7,1
7/26/2026 17:54,karachi,161,Unhealthy,161,,,,,,31.0,3.0,5.1,17,6,7,1
7/26/2026 18:56,karachi,161,Unhealthy,161,,,,,,31.0,3.0,5.1,18,6,7,1
7/26/2026 20:05,karachi,161,Unhealthy,161,,,,,,31.0,3.0,5.1,20,6,7,1
7/26/2026 21:49,karachi,161,Unhealthy,161,,,,,,31.0,3.0,5.1,21,6,7,1
7/26/2026 22:50,karachi,161,Unhealthy,161,,,,,,31.0,3.0,5.1,22,6,7,1
7/26/2026 23:52,karachi,161,Unhealthy,161,,,,,,31.0,3.0,5.1,23,6,7,1
7/27/2026 1:59,karachi,161,Unhealthy,161,,,,,,31.0,3.0,5.1,1,0,7,0
7/27/2026 9:31,karachi,161,Unhealthy,161,,,,,,31.0,3.0,5.1,9,0,7,0
7/27/2026 12:50,karachi,161,Unhealthy,161,,,,,,31.0,3.0,5.1,12,0,7,0
7/27/2026 15:37,karachi,161,Unhealthy,161,,,,,,31.0,3.0,5.1,15,0,7,0
7/27/2026 17:29,karachi,161,Unhealthy,161,,,,,,31.0,3.0,5.1,17,0,7,0
7/27/2026 19:12,karachi,161,Unhealthy,161,,,,,,31.0,3.0,5.1,19,0,7,0
7/27/2026 21:02,karachi,161,Unhealthy,161,,,,,,31.0,3.0,5.1,21,0,7,0
7/27/2026 22:52,karachi,161,Unhealthy,161,,,,,,31.0,3.0,5.1,22,0,7,0
7/27/2026 23:55,karachi,161,Unhealthy,161,,,,,,31.0,3.0,5.1,23,0,7,0
7/28/2026 1:42,karachi,161,Unhealthy,161,,,,,,31.0,3.0,5.1,1,1,7,0
7/28/2026 4:54,karachi,161,Unhealthy,161,,,,,,31.0,3.0,5.1,4,1,7,0
7/28/2026 7:32,karachi,161,Unhealthy,161,,,,,,31.0,3.0,5.1,7,1,7,0
7/28/2026 10:24,karachi,161,Unhealthy,161,,,,,,31.0,3.0,5.1,10,1,7,0
7/28/2026 12:47,karachi,161,Unhealthy,161,,,,,,31.0,3.0,5.1,12,1,7,0
7/28/2026 15:12,karachi,161,Unhealthy,161,,,,,,31.0,3.0,5.1,15,1,7,0
7/28/2026 17:18,karachi,161,Unhealthy,161,,,,,,31.0,3.0,5.1,17,1,7,0
7/28/2026 19:07,karachi,161,Unhealthy,161,,,,,,31.0,3.0,5.1,19,1,7,0
7/28/2026 20:58,karachi,161,Unhealthy,161,,,,,,31.0,3.0,5.1,20,1,7,0
7/28/2026 22:03,karachi,161,Unhealthy,161,,,,,,31.0,3.0,5.1,22,1,7,0
7/28/2026 23:51,karachi,161,Unhealthy,161,,,,,,31.0,3.0,5.1,23,1,7,0
7/29/2026 1:43,karachi,161,Unhealthy,161,,,,,,31.0,3.0,5.1,1,2,7,0
7/29/2026 4:59,karachi,161,Unhealthy,161,,,,,,31.0,3.0,5.1,4,2,7,0
7/29/2026 7:44,karachi,161,Unhealthy,161,,,,,,31.0,3.0,5.1,7,2,7,0
7/29/2026 10:30,karachi,161,Unhealthy,161,,,,,,31.0,3.0,5.1,10,2,7,0
7/29/2026 12:55,karachi,161,Unhealthy,161,,,,,,31.0,3.0,5.1,12,2,7,0
7/29/2026 15:04,karachi,161,Unhealthy,161,,,,,,31.0,3.0,5.1,15,2,7,0
7/29/2026 17:04,karachi,161,Unhealthy,161,,,,,,31.0,3.0,5.1,17,2,7,0
7/29/2026 18:57,karachi,161,Unhealthy,161,,,,,,31.0,3.0,5.1,18,2,7,0
7/29/2026 20:10,karachi,161,Unhealthy,161,,,,,,31.0,3.0,5.1,20,2,7,0
7/29/2026 21:49,karachi,161,Unhealthy,161,,,,,,31.0,3.0,5.1,21,2,7,0
7/29/2026 22:50,karachi,161,Unhealthy,161,,,,,,31.0,3.0,5.1,22,2,7,0
7/29/2026 23:53,karachi,161,Unhealthy,161,,,,,,31.0,3.0,5.1,23,2,7,0
7/30/2026 1:26,karachi,161,Unhealthy,161,,,,,,31.0,3.0,5.1,1,3,7,0
7/30/2026 4:48,karachi,161,Unhealthy,161,,,,,,31.0,3.0,5.1,4,3,7,0
7/30/2026 7:27,karachi,161,Unhealthy,161,,,,,,31.0,3.0,5.1,7,3,7,0
7/30/2026 10:12,karachi,161,Unhealthy,161,,,,,,31.0,3.0,5.1,10,3,7,0
7/30/2026 12:23,karachi,161,Unhealthy,161,,,,,,31.0,3.0,5.1,12,3,7,0
7/30/2026 15:02,karachi,161,Unhealthy,161,,,,,,31.0,3.0,5.1,15,3,7,0
7/30/2026 17:14,karachi,161,Unhealthy,161,,,,,,31.0,3.0,5.1,17,3,7,0
7/30/2026 19:09,karachi,161,Unhealthy,161,,,,,,31.0,3.0,5.1,19,3,7,0
7/30/2026 20:56,karachi,161,Unhealthy,161,,,,,,31.0,3.0,5.1,20,3,7,0
7/30/2026 22:00,karachi,161,Unhealthy,161,,,,,,31.0,3.0,5.1,22,3,7,0
7/30/2026 23:10,karachi,161,Unhealthy,161,,,,,,31.0,3.0,5.1,23,3,7,0
7/31/2026 1:53,karachi,161,Unhealthy,161,,,,,,31.0,3.0,5.1,1,4,7,0
7/31/2026 5:26,karachi,161,Unhealthy,161,,,,,,31.0,3.0,5.1,5,4,7,0
7/31/2026 8:34,karachi,161,Unhealthy,161,,,,,,31.0,3.0,5.1,8,4,7,0
7/31/2026 11:20,karachi,161,Unhealthy,161,,,,,,31.0,3.0,5.1,11,4,7,0
7/31/2026 13:41,karachi,161,Unhealthy,161,,,,,,31.0,3.0,5.1,13,4,7,0
7/31/2026 15:54,karachi,161,Unhealthy,161,,,,,,31.0,3.0,5.1,15,4,7,0
7/31/2026 17:19,karachi,161,Unhealthy,161,,,,,,31.0,3.0,5.1,17,4,7,0
7/31/2026 19:08,karachi,161,Unhealthy,161,,,,,,31.0,3.0,5.1,19,4,7,0
7/31/2026 20:53,karachi,161,Unhealthy,161,,,,,,31.0,3.0,5.1,20,4,7,0
7/31/2026 21:57,karachi,161,Unhealthy,161,,,,,,31.0,3.0,5.1,21,4,7,0
7/31/2026 22:56,karachi,161,Unhealthy,161,,,,,,31.0,3.0,5.1,22,4,7,0
7/31/2026 23:54,karachi,161,Unhealthy,161,,,,,,31.0,3.0,5.1,23,4,7,0
8/1/2026 1:54,karachi,161,Unhealthy,161,,,,,,31.0,3.0,5.1,1,5,8,1
8/1/2026 5:18,karachi,161,Unhealthy,161,,,,,,31.0,3.0,5.1,5,5,8,1
8/1/2026 8:03,karachi,161,Unhealthy,161,,,,,,31.0,3.0,5.1,8,5,8,1
8/1/2026 10:26,karachi,161,Unhealthy,161,,,,,,31.0,3.0,5.1,10,5,8,1
8/1/2026 11:55,karachi,161,Unhealthy,161,,,,,,31.0,3.0,5.1,11,5,8,1
8/1/2026 12:59,karachi,161,Unhealthy,161,,,,,,31.0,3.0,5.1,12,5,8,1
8/1/2026 14:26,karachi,161,Unhealthy,161,,,,,,31.0,3.0,5.1,14,5,8,1
8/1/2026 15:53,karachi,161,Unhealthy,161,,,,,,31.0,3.0,5.1,15,5,8,1
8/1/2026 16:48,karachi,161,Unhealthy,161,,,,,,31.0,3.0,5.1,16,5,8,1
8/1/2026 17:52,karachi,161,Unhealthy,161,,,,,,31.0,3.0,5.1,17,5,8,1
8/1/2026 18:54,karachi,161,Unhealthy,161,,,,,,31.0,3.0,5.1,18,5,8,1
8/1/2026 20:05,karachi,161,Unhealthy,161,,,,,,31.0,3.0,5.1,20,5,8,1
8/1/2026 21:44,karachi,161,Unhealthy,161,,,,,,31.0,3.0,5.1,21,5,8,1
8/1/2026 22:43,karachi,161,Unhealthy,161,,,,,,31.0,3.0,5.1,22,5,8,1
8/1/2026 23:48,karachi,161,Unhealthy,161,,,,,,31.0,3.0,5.1,23,5,8,1
8/2/2026 1:50,karachi,161,Unhealthy,161,,,,,,31.0,3.0,5.1,1,6,8,1
8/2/2026 5:17,karachi,161,Unhealthy,161,,,,,,31.0,3.0,5.1,5,6,8,1
8/2/2026 8:05,karachi,161,Unhealthy,161,,,,,,31.0,3.0,5.1,8,6,8,1
8/2/2026 10:25,karachi,161,Unhealthy,161,,,,,,31.0,3.0,5.1,10,6,8,1
8/2/2026 11:54,karachi,161,Unhealthy,161,,,,,,31.0,3.0,5.1,11,6,8,1
8/2/2026 12:59,karachi,161,Unhealthy,161,,,,,,31.0,3.0,5.1,12,6,8,1
8/2/2026 14:36,karachi,161,Unhealthy,161,,,,,,31.0,3.0,5.1,14,6,8,1
8/2/2026 15:53,karachi,161,Unhealthy,161,,,,,,31.0,3.0,5.1,15,6,8,1
8/2/2026 16:47,karachi,161,Unhealthy,161,,,,,,31.0,3.0,5.1,16,6,8,1
8/2/2026 17:53,karachi,161,Unhealthy,161,,,,,,31.0,3.0,5.1,17,6,8,1
8/2/2026 18:55,karachi,161,Unhealthy,161,,,,,,31.0,3.0,5.1,18,6,8,1
8/2/2026 20:06,karachi,161,Unhealthy,161,,,,,,31.0,3.0,5.1,20,6,8,1
8/2/2026 21:44,karachi,161,Unhealthy,161,,,,,,31.0,3.0,5.1,21,6,8,1
8/2/2026 22:44,karachi,161,Unhealthy,161,,,,,,31.0,3.0,5.1,22,6,8,1
8/2/2026 23:50,karachi,161,Unhealthy,161,,,,,,31.0,3.0,5.1,23,6,8,1
8/3/2026 1:53,karachi,161,Unhealthy,161,,,,,,31.0,3.0,5.1,1,0,8,0
8/3/2026 5:32,karachi,161,Unhealthy,161,,,,,,31.0,3.0,5.1,5,0,8,0
8/3/2026 9:21,karachi,161,Unhealthy,161,,,,,,31.0,3.0,5.1,9,0,8,0
8/3/2026 12:49,karachi,161,Unhealthy,161,,,,,,31.0,3.0,5.1,12,0,8,0
8/3/2026 15:37,karachi,161,Unhealthy,161,,,,,,31.0,3.0,5.1,15,0,8,0
8/3/2026 17:46,karachi,161,Unhealthy,161,,,,,,31.0,3.0,5.1,17,0,8,0
8/3/2026 19:18,karachi,161,Unhealthy,161,,,,,,31.0,3.0,5.1,19,0,8,0
8/3/2026 20:54,karachi,161,Unhealthy,161,,,,,,31.0,3.0,5.1,20,0,8,0
8/3/2026 21:58,karachi,161,Unhealthy,161,,,,,,31.0,3.0,5.1,21,0,8,0
8/3/2026 22:59,karachi,161,Unhealthy,161,,,,,,31.0,3.0,5.1,22,0,8,0
8/4/2026 0:09,karachi,161,Unhealthy,161,,,,,,31.0,3.0,5.1,0,1,8,0
8/4/2026 3:57,karachi,161,Unhealthy,161,,,,,,31.0,3.0,5.1,3,1,8,0
8/4/2026 6:24,karachi,161,Unhealthy,161,,,,,,31.0,3.0,5.1,6,1,8,0
8/4/2026 9:33,karachi,161,Unhealthy,161,,,,,,31.0,3.0,5.1,9,1,8,0
8/4/2026 11:55,karachi,161,Unhealthy,161,,,,,,31.0,3.0,5.1,11,1,8,0
8/4/2026 13:51,karachi,161,Unhealthy,161,,,,,,31.0,3.0,5.1,13,1,8,0
8/4/2026 16:07,karachi,161,Unhealthy,161,,,,,,31.0,3.0,5.1,16,1,8,0
8/4/2026 18:22,karachi,161,Unhealthy,161,,,,,,31.0,3.0,5.1,18,1,8,0
8/4/2026 20:18,karachi,161,Unhealthy,161,,,,,,31.0,3.0,5.1,20,1,8,0
8/4/2026 22:04,karachi,161,Unhealthy,161,,,,,,31.0,3.0,5.1,22,1,8,0
8/4/2026 23:54,karachi,161,Unhealthy,161,,,,,,31.0,3.0,5.1,23,1,8,0
8/5/2026 1:42,karachi,161,Unhealthy,161,,,,,,31.0,3.0,5.1,1,2,8,0
8/5/2026 4:55,karachi,161,Unhealthy,161,,,,,,31.0,3.0,5.1,4,2,8,0
8/5/2026 7:33,karachi,161,Unhealthy,161,,,,,,31.0,3.0,5.1,7,2,8,0
8/5/2026 10:25,karachi,161,Unhealthy,161,,,,,,31.0,3.0,5.1,10,2,8,0
8/5/2026 12:47,karachi,161,Unhealthy,161,,,,,,31.0,3.0,5.1,12,2,8,0
8/5/2026 15:07,karachi,161,Unhealthy,161,,,,,,31.0,3.0,5.1,15,2,8,0
8/5/2026 17:20,karachi,161,Unhealthy,161,,,,,,31.0,3.0,5.1,17,2,8,0
8/5/2026 19:14,karachi,161,Unhealthy,161,,,,,,31.0,3.0,5.1,19,2,8,0
8/5/2026 20:57,karachi,161,Unhealthy,161,,,,,,31.0,3.0,5.1,20,2,8,0
8/5/2026 22:08,karachi,161,Unhealthy,161,,,,,,31.0,3.0,5.1,22,2,8,0
8/5/2026 23:49,karachi,161,Unhealthy,161,,,,,,31.0,3.0,5.1,23,2,8,0
8/6/2026 1:42,karachi,161,Unhealthy,161,,,,,,31.0,3.0,5.1,1,3,8,0
8/6/2026 4:56,karachi,161,Unhealthy,161,,,,,,31.0,3.0,5.1,4,3,8,0
8/6/2026 7:33,karachi,161,Unhealthy,161,,,,,,31.0,3.0,5.1,7,3,8,0
8/6/2026 10:28,karachi,161,Unhealthy,161,,,,,,31.0,3.0,5.1,10,3,8,0
8/6/2026 12:50,karachi,161,Unhealthy,161,,,,,,31.0,3.0,5.1,12,3,8,0
8/6/2026 15:06,karachi,161,Unhealthy,161,,,,,,31.0,3.0,5.1,15,3,8,0
8/6/2026 23:49,karachi,161,Unhealthy,161,,,,,,31.0,3.0,5.1,23,3,8,0
8/7/2026 2:07,karachi,161,Unhealthy,161,,,,,,31.0,3.0,5.1,2,4,8,0
8/7/2026 4:47,karachi,161,Unhealthy,161,,,,,,31.0,3.0,5.1,4,4,8,0
8/7/2026 6:04,karachi,161,Unhealthy,161,,,,,,31.0,3.0,5.1,6,4,8,0
8/7/2026 8:06,karachi,161,Unhealthy,161,,,,,,31.0,3.0,5.1,8,4,8,0
8/7/2026 9:51,karachi,161,Unhealthy,161,,,,,,31.0,3.0,5.1,9,4,8,0
8/7/2026 10:42,karachi,161,Unhealthy,161,,,,,,31.0,3.0,5.1,10,4,8,0
8/7/2026 11:37,karachi,161,Unhealthy,161,,,,,,31.0,3.0,5.1,11,4,8,0
8/7/2026 12:40,karachi,161,Unhealthy,161,,,,,,31.0,3.0,5.1,12,4,8,0
8/7/2026 14:05,karachi,161,Unhealthy,161,,,,,,31.0,3.0,5.1,14,4,8,0
8/7/2026 15:44,karachi,161,Unhealthy,161,,,,,,31.0,3.0,5.1,15,4,8,0
8/7/2026 16:41,karachi,161,Unhealthy,161,,,,,,31.0,3.0,5.1,16,4,8,0
8/7/2026 17:40,karachi,161,Unhealthy,161,,,,,,31.0,3.0,5.1,17,4,8,0
8/7/2026 18:39,karachi,161,Unhealthy,161,,,,,,31.0,3.0,5.1,18,4,8,0
8/7/2026 19:43,karachi,161,Unhealthy,161,,,,,,31.0,3.0,5.1,19,4,8,0
8/7/2026 20:29,karachi,161,Unhealthy,161,,,,,,31.0,3.0,5.1,20,4,8,0
8/7/2026 21:28,karachi,161,Unhealthy,161,,,,,,31.0,3.0,5.1,21,4,8,0
8/7/2026 22:24,karachi,161,Unhealthy,161,,,,,,31.0,3.0,5.1,22,4,8,0
8/7/2026 23:24,karachi,161,Unhealthy,161,,,,,,31.0,3.0,5.1,23,4,8,0
8/8/2026 0:54,karachi,161,Unhealthy,161,,,,,,31.0,3.0,5.1,0,5,8,1
8/8/2026 2:49,karachi,161,Unhealthy,161,,,,,,31.0,3.0,5.1,2,5,8,1
8/8/2026 4:04,karachi,161,Unhealthy,161,,,,,,31.0,3.0,5.1,4,5,8,1
8/8/2026 5:34,karachi,161,Unhealthy,161,,,,,,31.0,3.0,5.1,5,5,8,1
8/8/2026 6:34,karachi,161,Unhealthy,161,,,,,,31.0,3.0,5.1,6,5,8,1
8/8/2026 7:40,karachi,161,Unhealthy,161,,,,,,31.0,3.0,5.1,7,5,8,1
8/8/2026 8:28,karachi,161,Unhealthy,161,,,,,,31.0,3.0,5.1,8,5,8,1
8/8/2026 9:27,karachi,161,Unhealthy,161,,,,,,31.0,3.0,5.1,9,5,8,1
8/8/2026 10:21,karachi,161,Unhealthy,161,,,,,,31.0,3.0,5.1,10,5,8,1
8/8/2026 11:19,karachi,161,Unhealthy,161,,,,,,31.0,3.0,5.1,11,5,8,1
8/8/2026 12:26,karachi,161,Unhealthy,161,,,,,,31.0,3.0,5.1,12,5,8,1
8/8/2026 13:37,karachi,161,Unhealthy,161,,,,,,31.0,3.0,5.1,13,5,8,1
8/8/2026 14:22,karachi,161,Unhealthy,161,,,,,,31.0,3.0,5.1,14,5,8,1
8/8/2026 15:20,karachi,161,Unhealthy,161,,,,,,31.0,3.0,5.1,15,5,8,1
8/8/2026 16:20,karachi,161,Unhealthy,161,,,,,,31.0,3.0,5.1,16,5,8,1
8/8/2026 17:20,karachi,161,Unhealthy,161,,,,,,31.0,3.0,5.1,17,5,8,1
8/8/2026 18:22,karachi,161,Unhealthy,161,,,,,,31.0,3.0,5.1,18,5,8,1
8/8/2026 19:21,karachi,161,Unhealthy,161,,,,,,31.0,3.0,5.1,19,5,8,1
8/8/2026 20:17,karachi,161,Unhealthy,161,,,,,,31.0,3.0,5.1,20,5,8,1
8/8/2026 21:20,karachi,161,Unhealthy,161,,,,,,31.0,3.0,5.1,21,5,8,1
8/8/2026 22:18,karachi,161,Unhealthy,161,,,,,,31.0,3.0,5.1,22,5,8,1
8/8/2026 23:18,karachi,161,Unhealthy,161,,,,,,31.0,3.0,5.1,23,5,8,1
8/9/2026 0:57,karachi,161,Unhealthy,161,,,,,,31.0,3.0,5.1,0,6,8,1
8/9/2026 2:59,karachi,161,Unhealthy,161,,,,,,31.0,3.0,5.1,2,6,8,1
8/9/2026 4:18,karachi,161,Unhealthy,161,,,,,,31.0,3.0,5.1,4,6,8,1
8/9/2026 5:40,karachi,161,Unhealthy,161,,,,,,31.0,3.0,5.1,5,6,8,1
8/9/2026 6:37,karachi,161,Unhealthy,161,,,,,,31.0,3.0,5.1,6,6,8,1
8/9/2026 7:44,karachi,161,Unhealthy,161,,,,,,31.0,3.0,5.1,7,6,8,1
8/9/2026 8:30,karachi,161,Unhealthy,161,,,,,,31.0,3.0,5.1,8,6,8,1
8/9/2026 9:29,karachi,161,Unhealthy,161,,,,,,31.0,3.0,5.1,9,6,8,1
8/9/2026 10:22,karachi,161,Unhealthy,161,,,,,,31.0,3.0,5.1,10,6,8,1
8/9/2026 11:20,karachi,161,Unhealthy,161,,,,,,31.0,3.0,5.1,11,6,8,1
8/9/2026 12:28,karachi,161,Unhealthy,161,,,,,,31.0,3.0,5.1,12,6,8,1
8/9/2026 13:41,karachi,161,Unhealthy,161,,,,,,31.0,3.0,5.1,13,6,8,1
8/9/2026 14:24,karachi,161,Unhealthy,161,,,,,,31.0,3.0,5.1,14,6,8,1
8/9/2026 15:21,karachi,161,Unhealthy,161,,,,,,31.0,3.0,5.1,15,6,8,1
8/9/2026 16:22,karachi,161,Unhealthy,161,,,,,,31.0,3.0,5.1,16,6,8,1
8/9/2026 17:21,karachi,161,Unhealthy,161,,,,,,31.0,3.0,5.1,17,6,8,1
8/9/2026 18:25,karachi,161,Unhealthy,161,,,,,,31.0,3.0,5.1,18,6,8,1
8/9/2026 19:24,karachi,161,Unhealthy,161,,,,,,31.0,3.0,5.1,19,6,8,1
8/9/2026 20:19,karachi,161,Unhealthy,161,,,,,,31.0,3.0,5.1,20,6,8,1
8/9/2026 21:21,karachi,161,Unhealthy,161,,,,,,31.0,3.0,5.1,21,6,8,1
8/9/2026 22:19,karachi,161,Unhealthy,161,,,,,,31.0,3.0,5.1,22,6,8,1
8/9/2026 23:21,karachi,161,Unhealthy,161,,,,,,31.0,3.0,5.1,23,6,8,1
8/10/2026 0:59,karachi,161,Unhealthy,161,,,,,,31.0,3.0,5.1,0,0,8,0
8/10/2026 3:11,karachi,161,Unhealthy,161,,,,,,31.0,3.0,5.1,3,0,8,0
8/10/2026 5:15,karachi,161,Unhealthy,161,,,,,,31.0,3.0,5.1,5,0,8,0
8/10/2026 7:10,karachi,161,Unhealthy,161,,,,,,31.0,3.0,5.1,7,0,8,0
8/10/2026 9:07,karachi,161,Unhealthy,161,,,,,,31.0,3.0,5.1,9,0,8,0
8/10/2026 10:57,karachi,161,Unhealthy,161,,,,,,31.0,3.0,5.1,10,0,8,0
8/10/2026 11:43,karachi,161,Unhealthy,161,,,,,,31.0,3.0,5.1,11,0,8,0
8/10/2026 12:44,karachi,161,Unhealthy,161,,,,,,31.0,3.0,5.1,12,0,8,0
8/10/2026 14:13,karachi,161,Unhealthy,161,,,,,,31.0,3.0,5.1,14,0,8,0
8/10/2026 15:50,karachi,161,Unhealthy,161,,,,,,31.0,3.0,5.1,15,0,8,0
8/10/2026 16:42,karachi,161,Unhealthy,161,,,,,,31.0,3.0,5.1,16,0,8,0
8/10/2026 17:42,karachi,161,Unhealthy,161,,,,,,31.0,3.0,5.1,17,0,8,0
8/10/2026 18:42,karachi,161,Unhealthy,161,,,,,,31.0,3.0,5.1,18,0,8,0
8/10/2026 19:47,karachi,161,Unhealthy,161,,,,,,31.0,3.0,5.1,19,0,8,0
8/10/2026 20:31,karachi,161,Unhealthy,161,,,,,,31.0,3.0,5.1,20,0,8,0
8/10/2026 21:32,karachi,161,Unhealthy,161,,,,,,31.0,3.0,5.1,21,0,8,0
8/10/2026 22:26,karachi,161,Unhealthy,161,,,,,,31.0,3.0,5.1,22,0,8,0
8/10/2026 23:25,karachi,161,Unhealthy,161,,,,,,31.0,3.0,5.1,23,0,8,0
8/11/2026 0:58,karachi,161,Unhealthy,161,,,,,,31.0,3.0,5.1,0,1,8,0
8/11/2026 3:03,karachi,161,Unhealthy,161,,,,,,31.0,3.0,5.1,3,1,8,0
8/11/2026 4:57,karachi,161,Unhealthy,161,,,,,,31.0,3.0,5.1,4,1,8,0
8/11/2026 5:51,karachi,161,Unhealthy,161,,,,,,31.0,3.0,5.1,5,1,8,0
8/11/2026 6:48,karachi,161,Unhealthy,161,,,,,,31.0,3.0,5.1,6,1,8,0
8/11/2026 8:03,karachi,161,Unhealthy,161,,,,,,31.0,3.0,5.1,8,1,8,0
8/11/2026 9:51,karachi,161,Unhealthy,161,,,,,,31.0,3.0,5.1,9,1,8,0
8/11/2026 10:41,karachi,161,Unhealthy,161,,,,,,31.0,3.0,5.1,10,1,8,0
8/11/2026 11:37,karachi,161,Unhealthy,161,,,,,,31.0,3.0,5.1,11,1,8,0
8/11/2026 12:40,karachi,161,Unhealthy,161,,,,,,31.0,3.0,5.1,12,1,8,0
8/11/2026 14:12,karachi,161,Unhealthy,161,,,,,,31.0,3.0,5.1,14,1,8,0
8/11/2026 15:50,karachi,161,Unhealthy,161,,,,,,31.0,3.0,5.1,15,1,8,0
8/11/2026 16:46,karachi,161,Unhealthy,161,,,,,,31.0,3.0,5.1,16,1,8,0
8/11/2026 17:49,karachi,161,Unhealthy,161,,,,,,31.0,3.0,5.1,17,1,8,0
8/11/2026 18:46,karachi,161,Unhealthy,161,,,,,,31.0,3.0,5.1,18,1,8,0
8/11/2026 19:54,karachi,161,Unhealthy,161,,,,,,31.0,3.0,5.1,19,1,8,0
8/11/2026 20:34,karachi,161,Unhealthy,161,,,,,,31.0,3.0,5.1,20,1,8,0
8/11/2026 21:35,karachi,161,Unhealthy,161,,,,,,31.0,3.0,5.1,21,1,8,0
8/11/2026 22:31,karachi,161,Unhealthy,161,,,,,,31.0,3.0,5.1,22,1,8,0
8/11/2026 23:29,karachi,161,Unhealthy,161,,,,,,31.0,3.0,5.1,23,1,8,0
8/12/2026 1:05,karachi,161,Unhealthy,161,,,,,,31.0,3.0,5.1,1,2,8,0
8/12/2026 3:55,karachi,161,Unhealthy,161,,,,,,31.0,3.0,5.1,3,2,8,0
8/12/2026 5:24,karachi,161,Unhealthy,161,,,,,,31.0,3.0,5.1,5,2,8,0
8/12/2026 7:08,karachi,161,Unhealthy,161,,,,,,31.0,3.0,5.1,7,2,8,0
8/12/2026 9:01,karachi,161,Unhealthy,161,,,,,,31.0,3.0,5.1,9,2,8,0
8/12/2026 10:51,karachi,161,Unhealthy,161,,,,,,31.0,3.0,5.1,10,2,8,0
8/12/2026 11:39,karachi,161,Unhealthy,161,,,,,,31.0,3.0,5.1,11,2,8,0
8/12/2026 12:44,karachi,161,Unhealthy,161,,,,,,31.0,3.0,5.1,12,2,8,0
8/12/2026 14:13,karachi,161,Unhealthy,161,,,,,,31.0,3.0,5.1,14,2,8,0
8/12/2026 15:50,karachi,161,Unhealthy,161,,,,,,31.0,3.0,5.1,15,2,8,0
8/12/2026 16:45,karachi,161,Unhealthy,161,,,,,,31.0,3.0,5.1,16,2,8,0
8/12/2026 17:51,karachi,161,Unhealthy,161,,,,,,31.0,3.0,5.1,17,2,8,0
8/12/2026 18:47,karachi,161,Unhealthy,161,,,,,,31.0,3.0,5.1,18,2,8,0
8/12/2026 19:55,karachi,161,Unhealthy,161,,,,,,31.0,3.0,5.1,19,2,8,0
8/12/2026 20:34,karachi,161,Unhealthy,161,,,,,,31.0,3.0,5.1,20,2,8,0
8/12/2026 21:34,karachi,161,Unhealthy,161,,,,,,31.0,3.0,5.1,21,2,8,0
8/12/2026 22:30,karachi,161,Unhealthy,161,,,,,,31.0,3.0,5.1,22,2,8,0
8/12/2026 23:30,karachi,161,Unhealthy,161,,,,,,31.0,3.0,5.1,23,2,8,0
8/13/2026 1:07,karachi,161,Unhealthy,161,,,,,,31.0,3.0,5.1,1,3,8,0
8/13/2026 4:00,karachi,161,Unhealthy,161,,,,,,31.0,3.0,5.1,4,3,8,0
8/13/2026 5:41,karachi,161,Unhealthy,161,,,,,,31.0,3.0,5.1,5,3,8,0
8/13/2026 7:12,karachi,161,Unhealthy,161,,,,,,31.0,3.0,5.1,7,3,8,0
8/13/2026 9:03,karachi,161,Unhealthy,161,,,,,,31.0,3.0,5.1,9,3,8,0
8/13/2026 10:53,karachi,161,Unhealthy,161,,,,,,31.0,3.0,5.1,10,3,8,0
8/13/2026 11:39,karachi,161,Unhealthy,161,,,,,,31.0,3.0,5.1,11,3,8,0
8/13/2026 12:45,karachi,161,Unhealthy,161,,,,,,31.0,3.0,5.1,12,3,8,0
8/13/2026 14:15,karachi,161,Unhealthy,161,,,,,,31.0,3.0,5.1,14,3,8,0
8/13/2026 15:50,karachi,161,Unhealthy,161,,,,,,31.0,3.0,5.1,15,3,8,0
8/13/2026 16:44,karachi,161,Unhealthy,161,,,,,,31.0,3.0,5.1,16,3,8,0
8/13/2026 17:50,karachi,161,Unhealthy,161,,,,,,31.0,3.0,5.1,17,3,8,0
8/13/2026 18:48,karachi,161,Unhealthy,161,,,,,,31.0,3.0,5.1,18,3,8,0
8/13/2026 19:51,karachi,161,Unhealthy,161,,,,,,31.0,3.0,5.1,19,3,8,0
8/13/2026 20:30,karachi,161,Unhealthy,161,,,,,,31.0,3.0,5.1,20,3,8,0
8/13/2026 21:34,karachi,161,Unhealthy,161,,,,,,31.0,3.0,5.1,21,3,8,0
8/13/2026 22:30,karachi,161,Unhealthy,161,,,,,,31.0,3.0,5.1,22,3,8,0
8/13/2026 23:31,karachi,161,Unhealthy,161,,,,,,31.0,3.0,5.1,23,3,8,0
8/14/2026 1:06,karachi,161,Unhealthy,161,,,,,,31.0,3.0,5.1,1,4,8,0
8/14/2026 3:55,karachi,161,Unhealthy,161,,,,,,31.0,3.0,5.1,3,4,8,0
8/14/2026 5:25,karachi,161,Unhealthy,161,,,,,,31.0,3.0,5.1,5,4,8,0
8/14/2026 7:09,karachi,161,Unhealthy,161,,,,,,31.0,3.0,5.1,7,4,8,0
8/14/2026 8:58,karachi,161,Unhealthy,161,,,,,,31.0,3.0,5.1,8,4,8,0
8/14/2026 10:00,karachi,161,Unhealthy,161,,,,,,31.0,3.0,5.1,10,4,8,0
8/14/2026 10:59,karachi,161,Unhealthy,161,,,,,,31.0,3.0,5.1,10,4,8,0
8/14/2026 11:43,karachi,161,Unhealthy,161,,,,,,31.0,3.0,5.1,11,4,8,0
8/14/2026 12:41,karachi,161,Unhealthy,161,,,,,,31.0,3.0,5.1,12,4,8,0
8/14/2026 14:08,karachi,161,Unhealthy,161,,,,,,31.0,3.0,5.1,14,4,8,0
8/14/2026 15:41,karachi,161,Unhealthy,161,,,,,,31.0,3.0,5.1,15,4,8,0
8/14/2026 16:40,karachi,161,Unhealthy,161,,,,,,31.0,3.0,5.1,16,4,8,0
8/14/2026 17:44,karachi,161,Unhealthy,161,,,,,,31.0,3.0,5.1,17,4,8,0
8/14/2026 18:40,karachi,161,Unhealthy,161,,,,,,31.0,3.0,5.1,18,4,8,0
8/14/2026 19:41,karachi,161,Unhealthy,161,,,,,,31.0,3.0,5.1,19,4,8,0
8/14/2026 20:21,karachi,161,Unhealthy,161,,,,,,31.0,3.0,5.1,20,4,8,0
8/14/2026 21:15,karachi,161,Unhealthy,161,,,,,,31.0,3.0,5.1,21,4,8,0
8/14/2026 22:12,karachi,161,Unhealthy,161,,,,,,31.0,3.0,5.1,22,4,8,0
8/14/2026 23:12,karachi,161,Unhealthy,161,,,,,,31.0,3.0,5.1,23,4,8,0
8/15/2026 0:39,karachi,161,Unhealthy,161,,,,,,31.0,3.0,5.1,0,5,8,1
8/15/2026 2:08,karachi,161,Unhealthy,161,,,,,,31.0,3.0,5.1,2,5,8,1
8/15/2026 3:30,karachi,161,Unhealthy,161,,,,,,31.0,3.0,5.1,3,5,8,1
8/15/2026 4:20,karachi,161,Unhealthy,161,,,,,,31.0,3.0,5.1,4,5,8,1
8/15/2026 5:21,karachi,161,Unhealthy,161,,,,,,31.0,3.0,5.1,5,5,8,1
8/15/2026 6:20,karachi,161,Unhealthy,161,,,,,,31.0,3.0,5.1,6,5,8,1
8/15/2026 7:21,karachi,161,Unhealthy,161,,,,,,31.0,3.0,5.1,7,5,8,1
8/15/2026 8:15,karachi,161,Unhealthy,161,,,,,,31.0,3.0,5.1,8,5,8,1
8/15/2026 9:16,karachi,161,Unhealthy,161,,,,,,31.0,3.0,5.1,9,5,8,1
8/15/2026 10:12,karachi,161,Unhealthy,161,,,,,,31.0,3.0,5.1,10,5,8,1
8/15/2026 11:10,karachi,161,Unhealthy,161,,,,,,31.0,3.0,5.1,11,5,8,1
8/15/2026 12:18,karachi,161,Unhealthy,161,,,,,,31.0,3.0,5.1,12,5,8,1
8/15/2026 13:22,karachi,161,Unhealthy,161,,,,,,31.0,3.0,5.1,13,5,8,1
8/15/2026 14:12,karachi,161,Unhealthy,161,,,,,,31.0,3.0,5.1,14,5,8,1
8/15/2026 15:11,karachi,161,Unhealthy,161,,,,,,31.0,3.0,5.1,15,5,8,1
8/15/2026 16:12,karachi,161,Unhealthy,161,,,,,,31.0,3.0,5.1,16,5,8,1
8/15/2026 17:11,karachi,161,Unhealthy,161,,,,,,31.0,3.0,5.1,17,5,8,1
8/15/2026 18:13,karachi,161,Unhealthy,161,,,,,,31.0,3.0,5.1,18,5,8,1
8/15/2026 19:14,karachi,161,Unhealthy,161,,,,,,31.0,3.0,5.1,19,5,8,1
8/15/2026 20:11,karachi,161,Unhealthy,161,,,,,,31.0,3.0,5.1,20,5,8,1
8/15/2026 21:11,karachi,161,Unhealthy,161,,,,,,31.0,3.0,5.1,21,5,8,1
8/15/2026 22:10,karachi,161,Unhealthy,161,,,,,,31.0,3.0,5.1,22,5,8,1
8/15/2026 23:11,karachi,161,Unhealthy,161,,,,,,31.0,3.0,5.1,23,5,8,1
8/16/2026 0:41,karachi,161,Unhealthy,161,,,,,,31.0,3.0,5.1,0,6,8,1
8/16/2026 2:15,karachi,161,Unhealthy,161,,,,,,31.0,3.0,5.1,2,6,8,1
8/16/2026 3:39,karachi,161,Unhealthy,161,,,,,,31.0,3.0,5.1,3,6,8,1
8/16/2026 4:25,karachi,161,Unhealthy,161,,,,,,31.0,3.0,5.1,4,6,8,1
8/16/2026 5:18,karachi,161,Unhealthy,161,,,,,,31.0,3.0,5.1,5,6,8,1
8/16/2026 6:22,karachi,161,Unhealthy,161,,,,,,31.0,3.0,5.1,6,6,8,1
8/16/2026 7:22,karachi,161,Unhealthy,161,,,,,,31.0,3.0,5.1,7,6,8,1
8/16/2026 8:16,karachi,161,Unhealthy,161,,,,,,31.0,3.0,5.1,8,6,8,1
8/16/2026 9:17,karachi,161,Unhealthy,161,,,,,,31.0,3.0,5.1,9,6,8,1
8/16/2026 10:13,karachi,161,Unhealthy,161,,,,,,31.0,3.0,5.1,10,6,8,1
8/16/2026 11:11,karachi,161,Unhealthy,161,,,,,,31.0,3.0,5.1,11,6,8,1
8/16/2026 12:18,karachi,161,Unhealthy,161,,,,,,31.0,3.0,5.1,12,6,8,1
8/16/2026 13:23,karachi,161,Unhealthy,161,,,,,,31.0,3.0,5.1,13,6,8,1
8/16/2026 14:13,karachi,161,Unhealthy,161,,,,,,31.0,3.0,5.1,14,6,8,1
8/16/2026 15:11,karachi,161,Unhealthy,161,,,,,,31.0,3.0,5.1,15,6,8,1
8/16/2026 16:12,karachi,161,Unhealthy,161,,,,,,31.0,3.0,5.1,16,6,8,1
8/16/2026 17:11,karachi,161,Unhealthy,161,,,,,,31.0,3.0,5.1,17,6,8,1
8/16/2026 18:14,karachi,161,Unhealthy,161,,,,,,31.0,3.0,5.1,18,6,8,1
8/16/2026 19:13,karachi,161,Unhealthy,161,,,,,,31.0,3.0,5.1,19,6,8,1
8/16/2026 20:10,karachi,161,Unhealthy,161,,,,,,31.0,3.0,5.1,20,6,8,1
8/16/2026 21:10,karachi,161,Unhealthy,161,,,,,,31.0,3.0,5.1,21,6,8,1
8/16/2026 22:10,karachi,161,Unhealthy,161,,,,,,31.0,3.0,5.1,22,6,8,1
8/16/2026 23:10,karachi,161,Unhealthy,161,,,,,,31.0,3.0,5.1,23,6,8,1
8/17/2026 0:39,karachi,161,Unhealthy,161,,,,,,31.0,3.0,5.1,0,0,8,0
8/17/2026 2:13,karachi,161,Unhealthy,161,,,,,,31.0,3.0,5.1,2,0,8,0
8/17/2026 3:40,karachi,161,Unhealthy,161,,,,,,31.0,3.0,5.1,3,0,8,0
8/17/2026 4:31,karachi,161,Unhealthy,161,,,,,,31.0,3.0,5.1,4,0,8,0
8/17/2026 5:26,karachi,161,Unhealthy,161,,,,,,31.0,3.0,5.1,5,0,8,0
8/17/2026 6:33,karachi,161,Unhealthy,161,,,,,,31.0,3.0,5.1,6,0,8,0
8/17/2026 7:43,karachi,161,Unhealthy,161,,,,,,31.0,3.0,5.1,7,0,8,0
8/17/2026 8:31,karachi,161,Unhealthy,161,,,,,,31.0,3.0,5.1,8,0,8,0
8/17/2026 9:30,karachi,161,Unhealthy,161,,,,,,31.0,3.0,5.1,9,0,8,0
8/17/2026 10:21,karachi,161,Unhealthy,161,,,,,,31.0,3.0,5.1,10,0,8,0
8/17/2026 11:16,karachi,161,Unhealthy,161,,,,,,31.0,3.0,5.1,11,0,8,0
8/17/2026 12:22,karachi,161,Unhealthy,161,,,,,,31.0,3.0,5.1,12,0,8,0
8/17/2026 13:32,karachi,161,Unhealthy,161,,,,,,31.0,3.0,5.1,13,0,8,0
8/17/2026 14:17,karachi,161,Unhealthy,161,,,,,,31.0,3.0,5.1,14,0,8,0
8/17/2026 15:16,karachi,161,Unhealthy,161,,,,,,31.0,3.0,5.1,15,0,8,0
8/17/2026 16:15,karachi,161,Unhealthy,161,,,,,,31.0,3.0,5.1,16,0,8,0
8/17/2026 17:17,karachi,161,Unhealthy,161,,,,,,31.0,3.0,5.1,17,0,8,0
8/17/2026 18:23,karachi,161,Unhealthy,161,,,,,,31.0,3.0,5.1,18,0,8,0
8/17/2026 19:20,karachi,161,Unhealthy,161,,,,,,31.0,3.0,5.1,19,0,8,0
8/17/2026 20:15,karachi,161,Unhealthy,161,,,,,,31.0,3.0,5.1,20,0,8,0
8/17/2026 21:16,karachi,161,Unhealthy,161,,,,,,31.0,3.0,5.1,21,0,8,0
8/17/2026 22:13,karachi,161,Unhealthy,161,,,,,,31.0,3.0,5.1,22,0,8,0
8/17/2026 23:13,karachi,161,Unhealthy,161,,,,,,31.0,3.0,5.1,23,0,8,0
8/18/2026 0:39,karachi,161,Unhealthy,161,,,,,,31.0,3.0,5.1,0,1,8,0
8/18/2026 2:09,karachi,161,Unhealthy,161,,,,,,31.0,3.0,5.1,2,1,8,0
8/18/2026 3:36,karachi,161,Unhealthy,161,,,,,,31.0,3.0,5.1,3,1,8,0
8/18/2026 4:24,karachi,161,Unhealthy,161,,,,,,31.0,3.0,5.1,4,1,8,0
8/18/2026 5:20,karachi,161,Unhealthy,161,,,,,,31.0,3.0,5.1,5,1,8,0
8/18/2026 6:25,karachi,161,Unhealthy,161,,,,,,31.0,3.0,5.1,6,1,8,0
8/18/2026 7:29,karachi,161,Unhealthy,161,,,,,,31.0,3.0,5.1,7,1,8,0
8/18/2026 8:23,karachi,161,Unhealthy,161,,,,,,31.0,3.0,5.1,8,1,8,0
8/18/2026 9:22,karachi,161,Unhealthy,161,,,,,,31.0,3.0,5.1,9,1,8,0
8/18/2026 10:17,karachi,161,Unhealthy,161,,,,,,31.0,3.0,5.1,10,1,8,0
8/18/2026 11:15,karachi,161,Unhealthy,161,,,,,,31.0,3.0,5.1,11,1,8,0
8/18/2026 12:24,karachi,161,Unhealthy,161,,,,,,31.0,3.0,5.1,12,1,8,0
8/18/2026 13:34,karachi,161,Unhealthy,161,,,,,,31.0,3.0,5.1,13,1,8,0
8/18/2026 14:22,karachi,161,Unhealthy,161,,,,,,31.0,3.0,5.1,14,1,8,0
8/18/2026 15:21,karachi,161,Unhealthy,161,,,,,,31.0,3.0,5.1,15,1,8,0
8/18/2026 16:19,karachi,161,Unhealthy,161,,,,,,31.0,3.0,5.1,16,1,8,0
8/18/2026 17:18,karachi,161,Unhealthy,161,,,,,,31.0,3.0,5.1,17,1,8,0
8/18/2026 18:22,karachi,161,Unhealthy,161,,,,,,31.0,3.0,5.1,18,1,8,0
8/18/2026 19:20,karachi,161,Unhealthy,161,,,,,,31.0,3.0,5.1,19,1,8,0
8/18/2026 20:12,karachi,161,Unhealthy,161,,,,,,31.0,3.0,5.1,20,1,8,0
8/18/2026 21:13,karachi,161,Unhealthy,161,,,,,,31.0,3.0,5.1,21,1,8,0
8/18/2026 22:12,karachi,161,Unhealthy,161,,,,,,31.0,3.0,5.1,22,1,8,0
8/18/2026 23:12,karachi,161,Unhealthy,161,,,,,,31.0,3.0,5.1,23,1,8,0
8/19/2026 0:39,karachi,161,Unhealthy,161,,,,,,31.0,3.0,5.1,0,2,8,0
8/19/2026 2:12,karachi,161,Unhealthy,161,,,,,,31.0,3.0,5.1,2,2,8,0
8/19/2026 3:38,karachi,161,Unhealthy,161,,,,,,31.0,3.0,5.1,3,2,8,0
8/19/2026 4:26,karachi,161,Unhealthy,161,,,,,,31.0,3.0,5.1,4,2,8,0
8/19/2026 5:20,karachi,161,Unhealthy,161,,,,,,31.0,3.0,5.1,5,2,8,0
8/19/2026 6:26,karachi,161,Unhealthy,161,,,,,,31.0,3.0,5.1,6,2,8,0
8/19/2026 7:30,karachi,161,Unhealthy,161,,,,,,31.0,3.0,5.1,7,2,8,0
8/19/2026 8:24,karachi,161,Unhealthy,161,,,,,,31.0,3.0,5.1,8,2,8,0
8/19/2026 9:22,karachi,161,Unhealthy,161,,,,,,31.0,3.0,5.1,9,2,8,0
8/19/2026 10:18,karachi,161,Unhealthy,161,,,,,,31.0,3.0,5.1,10,2,8,0
8/19/2026 11:16,karachi,161,Unhealthy,161,,,,,,31.0,3.0,5.1,11,2,8,0
8/19/2026 12:24,karachi,161,Unhealthy,161,,,,,,31.0,3.0,5.1,12,2,8,0
8/19/2026 13:36,karachi,161,Unhealthy,161,,,,,,31.0,3.0,5.1,13,2,8,0
8/19/2026 14:22,karachi,161,Unhealthy,161,,,,,,31.0,3.0,5.1,14,2,8,0
8/19/2026 15:21,karachi,161,Unhealthy,161,,,,,,31.0,3.0,5.1,15,2,8,0
8/19/2026 16:19,karachi,161,Unhealthy,161,,,,,,31.0,3.0,5.1,16,2,8,0
8/19/2026 17:17,karachi,161,Unhealthy,161,,,,,,31.0,3.0,5.1,17,2,8,0
8/19/2026 18:19,karachi,161,Unhealthy,161,,,,,,31.0,3.0,5.1,18,2,8,0
8/19/2026 19:17,karachi,161,Unhealthy,161,,,,,,31.0,3.0,5.1,19,2,8,0
8/19/2026 20:15,karachi,161,Unhealthy,161,,,,,,31.0,3.0,5.1,20,2,8,0
8/19/2026 21:16,karachi,161,Unhealthy,161,,,,,,31.0,3.0,5.1,21,2,8,0
8/19/2026 22:14,karachi,161,Unhealthy,161,,,,,,31.0,3.0,5.1,22,2,8,0
8/19/2026 23:14,karachi,161,Unhealthy,161,,,,,,31.0,3.0,5.1,23,2,8,0
8/20/2026 0:39,karachi,161,Unhealthy,161,,,,,,31.0,3.0,5.1,0,3,8,0
8/20/2026 2:11,karachi,161,Unhealthy,161,,,,,,31.0,3.0,5.1,2,3,8,0
8/20/2026 3:37,karachi,161,Unhealthy,161,,,,,,31.0,3.0,5.1,3,3,8,0
8/20/2026 4:26,karachi,161,Unhealthy,161,,,,,,31.0,3.0,5.1,4,3,8,0
8/20/2026 5:21,karachi,161,Unhealthy,161,,,,,,31.0,3.0,5.1,5,3,8,0
8/20/2026 6:27,karachi,161,Unhealthy,161,,,,,,31.0,3.0,5.1,6,3,8,0
8/20/2026 7:32,karachi,161,Unhealthy,161,,,,,,31.0,3.0,5.1,7,3,8,0
8/20/2026 8:25,karachi,161,Unhealthy,161,,,,,,31.0,3.0,5.1,8,3,8,0
8/20/2026 9:23,karachi,161,Unhealthy,161,,,,,,31.0,3.0,5.1,9,3,8,0
8/20/2026 10:19,karachi,161,Unhealthy,161,,,,,,31.0,3.0,5.1,10,3,8,0
8/20/2026 11:17,karachi,161,Unhealthy,161,,,,,,31.0,3.0,5.1,11,3,8,0
8/20/2026 12:26,karachi,161,Unhealthy,161,,,,,,31.0,3.0,5.1,12,3,8,0
8/20/2026 13:38,karachi,161,Unhealthy,161,,,,,,31.0,3.0,5.1,13,3,8,0
8/20/2026 14:25,karachi,161,Unhealthy,161,,,,,,31.0,3.0,5.1,14,3,8,0
8/20/2026 15:24,karachi,161,Unhealthy,161,,,,,,31.0,3.0,5.1,15,3,8,0
8/20/2026 16:22,karachi,161,Unhealthy,161,,,,,,31.0,3.0,5.1,16,3,8,0
8/20/2026 17:19,karachi,161,Unhealthy,161,,,,,,31.0,3.0,5.1,17,3,8,0
8/20/2026 18:23,karachi,161,Unhealthy,161,,,,,,31.0,3.0,5.1,18,3,8,0
8/20/2026 19:22,karachi,161,Unhealthy,161,,,,,,31.0,3.0,5.1,19,3,8,0
8/20/2026 20:17,karachi,161,Unhealthy,161,,,,,,31.0,3.0,5.1,20,3,8,0
8/20/2026 21:18,karachi,161,Unhealthy,161,,,,,,31.0,3.0,5.1,21,3,8,0
8/20/2026 22:16,karachi,161,Unhealthy,161,,,,,,31.0,3.0,5.1,22,3,8,0
8/20/2026 23:16,karachi,161,Unhealthy,161,,,,,,31.0,3.0,5.1,23,3,8,0
8/21/2026 0:42,karachi,161,Unhealthy,161,,,,,,31.0,3.0,5.1,0,4,8,0
8/21/2026 2:17,karachi,161,Unhealthy,161,,,,,,31.0,3.0,5.1,2,4,8,0
8/21/2026 3:41,karachi,161,Unhealthy,161,,,,,,31.0,3.0,5.1,3,4,8,0
8/21/2026 4:28,karachi,161,Unhealthy,161,,,,,,31.0,3.0,5.1,4,4,8,0
8/21/2026 5:23,karachi,161,Unhealthy,161,,,,,,31.0,3.0,5.1,5,4,8,0
8/21/2026 6:28,karachi,161,Unhealthy,161,,,,,,31.0,3.0,5.1,6,4,8,0
8/21/2026 7:34,karachi,161,Unhealthy,161,,,,,,31.0,3.0,5.1,7,4,8,0
8/21/2026 8:27,karachi,161,Unhealthy,161,,,,,,31.0,3.0,5.1,8,4,8,0
8/21/2026 9:25,karachi,161,Unhealthy,161,,,,,,31.0,3.0,5.1,9,4,8,0
8/21/2026 10:19,karachi,161,Unhealthy,161,,,,,,31.0,3.0,5.1,10,4,8,0
8/21/2026 11:16,karachi,161,Unhealthy,161,,,,,,31.0,3.0,5.1,11,4,8,0
8/21/2026 12:26,karachi,161,Unhealthy,161,,,,,,31.0,3.0,5.1,12,4,8,0
8/21/2026 13:37,karachi,161,Unhealthy,161,,,,,,31.0,3.0,5.1,13,4,8,0
8/21/2026 14:24,karachi,161,Unhealthy,161,,,,,,31.0,3.0,5.1,14,4,8,0
8/21/2026 15:23,karachi,161,Unhealthy,161,,,,,,31.0,3.0,5.1,15,4,8,0
8/21/2026 16:20,karachi,161,Unhealthy,161,,,,,,31.0,3.0,5.1,16,4,8,0
8/21/2026 17:19,karachi,161,Unhealthy,161,,,,,,31.0,3.0,5.1,17,4,8,0
8/21/2026 18:22,karachi,161,Unhealthy,161,,,,,,31.0,3.0,5.1,18,4,8,0
8/21/2026 19:19,karachi,161,Unhealthy,161,,,,,,31.0,3.0,5.1,19,4,8,0
8/21/2026 20:14,karachi,161,Unhealthy,161,,,,,,31.0,3.0,5.1,20,4,8,0
8/21/2026 21:13,karachi,161,Unhealthy,161,,,,,,31.0,3.0,5.1,21,4,8,0
8/21/2026 22:13,karachi,161,Unhealthy,161,,,,,,31.0,3.0,5.1,22,4,8,0
8/21/2026 23:13,karachi,161,Unhealthy,161,,,,,,31.0,3.0,5.1,23,4,8,0
8/22/2026 0:39,karachi,161,Unhealthy,161,,,,,,31.0,3.0,5.1,0,5,8,1
8/22/2026 2:08,karachi,161,Unhealthy,161,,,,,,31.0,3.0,5.1,2,5,8,1
8/22/2026 3:33,karachi,161,Unhealthy,161,,,,,,31.0,3.0,5.1,3,5,8,1
8/22/2026 4:22,karachi,161,Unhealthy,161,,,,,,31.0,3.0,5.1,4,5,8,1
8/22/2026 5:17,karachi,161,Unhealthy,161,,,,,,31.0,3.0,5.1,5,5,8,1
8/22/2026 6:21,karachi,161,Unhealthy,161,,,,,,31.0,3.0,5.1,6,5,8,1
8/22/2026 7:23,karachi,161,Unhealthy,161,,,,,,31.0,3.0,5.1,7,5,8,1
8/22/2026 8:17,karachi,161,Unhealthy,161,,,,,,31.0,3.0,5.1,8,5,8,1
8/22/2026 9:17,karachi,161,Unhealthy,161,,,,,,31.0,3.0,5.1,9,5,8,1
8/22/2026 10:12,karachi,161,Unhealthy,161,,,,,,31.0,3.0,5.1,10,5,8,1
8/22/2026 11:12,karachi,161,Unhealthy,161,,,,,,31.0,3.0,5.1,11,5,8,1
8/22/2026 12:18,karachi,161,Unhealthy,161,,,,,,31.0,3.0,5.1,12,5,8,1
8/22/2026 13:24,karachi,161,Unhealthy,161,,,,,,31.0,3.0,5.1,13,5,8,1
8/22/2026 14:11,karachi,161,Unhealthy,161,,,,,,31.0,3.0,5.1,14,5,8,1
8/22/2026 15:11,karachi,161,Unhealthy,161,,,,,,31.0,3.0,5.1,15,5,8,1
8/22/2026 16:12,karachi,161,Unhealthy,161,,,,,,31.0,3.0,5.1,16,5,8,1
8/22/2026 17:11,karachi,161,Unhealthy,161,,,,,,31.0,3.0,5.1,17,5,8,1
8/22/2026 18:15,karachi,161,Unhealthy,161,,,,,,31.0,3.0,5.1,18,5,8,1
8/22/2026 19:15,karachi,161,Unhealthy,161,,,,,,31.0,3.0,5.1,19,5,8,1
8/22/2026 20:11,karachi,161,Unhealthy,161,,,,,,31.0,3.0,5.1,20,5,8,1
8/22/2026 21:12,karachi,161,Unhealthy,161,,,,,,31.0,3.0,5.1,21,5,8,1
8/22/2026 22:11,karachi,161,Unhealthy,161,,,,,,31.0,3.0,5.1,22,5,8,1
8/22/2026 23:11,karachi,161,Unhealthy,161,,,,,,31.0,3.0,5.1,23,5,8,1
8/23/2026 0:42,karachi,161,Unhealthy,161,,,,,,31.0,3.0,5.1,0,6,8,1
8/23/2026 2:18,karachi,161,Unhealthy,161,,,,,,31.0,3.0,5.1,2,6,8,1
8/23/2026 3:41,karachi,161,Unhealthy,161,,,,,,31.0,3.0,5.1,3,6,8,1
8/23/2026 4:27,karachi,161,Unhealthy,161,,,,,,31.0,3.0,5.1,4,6,8,1
8/23/2026 5:20,karachi,161,Unhealthy,161,,,,,,31.0,3.0,5.1,5,6,8,1
8/23/2026 6:23,karachi,161,Unhealthy,161,,,,,,31.0,3.0,5.1,6,6,8,1
8/23/2026 7:24,karachi,161,Unhealthy,161,,,,,,31.0,3.0,5.1,7,6,8,1
8/23/2026 8:18,karachi,161,Unhealthy,161,,,,,,31.0,3.0,5.1,8,6,8,1
8/23/2026 9:18,karachi,161,Unhealthy,161,,,,,,31.0,3.0,5.1,9,6,8,1
8/23/2026 10:13,karachi,161,Unhealthy,161,,,,,,31.0,3.0,5.1,10,6,8,1
8/23/2026 11:12,karachi,161,Unhealthy,161,,,,,,31.0,3.0,5.1,11,6,8,1
8/23/2026 12:19,karachi,161,Unhealthy,161,,,,,,31.0,3.0,5.1,12,6,8,1
8/23/2026 13:25,karachi,161,Unhealthy,161,,,,,,31.0,3.0,5.1,13,6,8,1
8/23/2026 14:13,karachi,161,Unhealthy,161,,,,,,31.0,3.0,5.1,14,6,8,1
8/23/2026 15:12,karachi,161,Unhealthy,161,,,,,,31.0,3.0,5.1,15,6,8,1
8/23/2026 16:13,karachi,161,Unhealthy,161,,,,,,31.0,3.0,5.1,16,6,8,1
8/23/2026 17:12,karachi,161,Unhealthy,161,,,,,,31.0,3.0,5.1,17,6,8,1
8/23/2026 18:14,karachi,161,Unhealthy,161,,,,,,31.0,3.0,5.1,18,6,8,1
8/23/2026 19:15,karachi,161,Unhealthy,161,,,,,,31.0,3.0,5.1,19,6,8,1
8/23/2026 20:11,karachi,161,Unhealthy,161,,,,,,31.0,3.0,5.1,20,6,8,1
8/23/2026 21:11,karachi,161,Unhealthy,161,,,,,,31.0,3.0,5.1,21,6,8,1
8/23/2026 22:11,karachi,161,Unhealthy,161,,,,,,31.0,3.0,5.1,22,6,8,1
8/23/2026 23:11,karachi,161,Unhealthy,161,,,,,,31.0,3.0,5.1,23,6,8,1
8/24/2026 0:41,karachi,161,Unhealthy,161,,,,,,31.0,3.0,5.1,0,0,8,0
8/24/2026 2:17,karachi,161,Unhealthy,161,,,,,,31.0,3.0,5.1,2,0,8,0
8/24/2026 3:44,karachi,161,Unhealthy,161,,,,,,31.0,3.0,5.1,3,0,8,0
8/24/2026 4:35,karachi,161,Unhealthy,161,,,,,,31.0,3.0,5.1,4,0,8,0
8/24/2026 5:29,karachi,161,Unhealthy,161,,,,,,31.0,3.0,5.1,5,0,8,0
8/24/2026 6:36,karachi,161,Unhealthy,161,,,,,,31.0,3.0,5.1,6,0,8,0
8/24/2026 7:49,karachi,161,Unhealthy,161,,,,,,31.0,3.0,5.1,7,0,8,0
8/24/2026 8:36,karachi,161,Unhealthy,161,,,,,,31.0,3.0,5.1,8,0,8,0
8/24/2026 9:36,karachi,161,Unhealthy,161,,,,,,31.0,3.0,5.1,9,0,8,0
8/24/2026 10:27,karachi,161,Unhealthy,161,,,,,,31.0,3.0,5.1,10,0,8,0
8/24/2026 11:18,karachi,161,Unhealthy,161,,,,,,31.0,3.0,5.1,11,0,8,0
8/24/2026 12:27,karachi,161,Unhealthy,161,,,,,,31.0,3.0,5.1,12,0,8,0
8/24/2026 13:41,karachi,161,Unhealthy,161,,,,,,31.0,3.0,5.1,13,0,8,0
8/24/2026 14:31,karachi,161,Unhealthy,161,,,,,,31.0,3.0,5.1,14,0,8,0
8/24/2026 15:29,karachi,161,Unhealthy,161,,,,,,31.0,3.0,5.1,15,0,8,0
8/24/2026 16:23,karachi,161,Unhealthy,161,,,,,,31.0,3.0,5.1,16,0,8,0
8/24/2026 17:22,karachi,161,Unhealthy,161,,,,,,31.0,3.0,5.1,17,0,8,0
8/24/2026 18:24,karachi,161,Unhealthy,161,,,,,,31.0,3.0,5.1,18,0,8,0
8/24/2026 19:21,karachi,161,Unhealthy,161,,,,,,31.0,3.0,5.1,19,0,8,0
8/24/2026 20:18,karachi,161,Unhealthy,161,,,,,,31.0,3.0,5.1,20,0,8,0
8/24/2026 21:19,karachi,161,Unhealthy,161,,,,,,31.0,3.0,5.1,21,0,8,0
8/24/2026 22:15,karachi,161,Unhealthy,161,,,,,,31.0,3.0,5.1,22,0,8,0
8/24/2026 23:13,karachi,161,Unhealthy,161,,,,,,31.0,3.0,5.1,23,0,8,0
8/25/2026 0:40,karachi,161,Unhealthy,161,,,,,,31.0,3.0,5.1,0,1,8,0
8/25/2026 2:12,karachi,161,Unhealthy,161,,,,,,31.0,3.0,5.1,2,1,8,0
8/25/2026 3:39,karachi,161,Unhealthy,161,,,,,,31.0,3.0,5.1,3,1,8,0
8/25/2026 4:29,karachi,161,Unhealthy,161,,,,,,31.0,3.0,5.1,4,1,8,0
8/25/2026 5:23,karachi,161,Unhealthy,161,,,,,,31.0,3.0,5.1,5,1,8,0
8/25/2026 6:27,karachi,161,Unhealthy,161,,,,,,31.0,3.0,5.1,6,1,8,0
8/25/2026 7:35,karachi,161,Unhealthy,161,,,,,,31.0,3.0,5.1,7,1,8,0
8/25/2026 8:30,karachi,161,Unhealthy,161,,,,,,31.0,3.0,5.1,8,1,8,0
8/25/2026 9:24,karachi,161,Unhealthy,161,,,,,,31.0,3.0,5.1,9,1,8,0
8/25/2026 10:21,karachi,161,Unhealthy,161,,,,,,31.0,3.0,5.1,10,1,8,0
8/25/2026 11:17,karachi,161,Unhealthy,161,,,,,,31.0,3.0,5.1,11,1,8,0
8/25/2026 12:27,karachi,161,Unhealthy,161,,,,,,31.0,3.0,5.1,12,1,8,0
8/25/2026 13:40,karachi,161,Unhealthy,161,,,,,,31.0,3.0,5.1,13,1,8,0
8/25/2026 14:34,karachi,161,Unhealthy,161,,,,,,31.0,3.0,5.1,14,1,8,0
8/25/2026 15:33,karachi,161,Unhealthy,161,,,,,,31.0,3.0,5.1,15,1,8,0
8/25/2026 16:24,karachi,161,Unhealthy,161,,,,,,31.0,3.0,5.1,16,1,8,0
8/25/2026 17:22,karachi,161,Unhealthy,161,,,,,,31.0,3.0,5.1,17,1,8,0
8/25/2026 18:24,karachi,161,Unhealthy,161,,,,,,31.0,3.0,5.1,18,1,8,0
8/25/2026 19:23,karachi,161,Unhealthy,161,,,,,,31.0,3.0,5.1,19,1,8,0
8/25/2026 20:17,karachi,161,Unhealthy,161,,,,,,31.0,3.0,5.1,20,1,8,0
8/25/2026 21:18,karachi,161,Unhealthy,161,,,,,,31.0,3.0,5.1,21,1,8,0
8/25/2026 22:16,karachi,161,Unhealthy,161,,,,,,31.0,3.0,5.1,22,1,8,0
8/25/2026 23:16,karachi,161,Unhealthy,161,,,,,,31.0,3.0,5.1,23,1,8,0
8/26/2026 0:41,karachi,161,Unhealthy,161,,,,,,31.0,3.0,5.1,0,2,8,0
8/26/2026 2:18,karachi,161,Unhealthy,161,,,,,,31.0,3.0,5.1,2,2,8,0
8/26/2026 3:44,karachi,161,Unhealthy,161,,,,,,31.0,3.0,5.1,3,2,8,0
8/26/2026 4:30,karachi,161,Unhealthy,161,,,,,,31.0,3.0,5.1,4,2,8,0
8/26/2026 5:23,karachi,161,Unhealthy,161,,,,,,31.0,3.0,5.1,5,2,8,0
8/26/2026 6:30,karachi,161,Unhealthy,161,,,,,,31.0,3.0,5.1,6,2,8,0
8/26/2026 7:37,karachi,161,Unhealthy,161,,,,,,31.0,3.0,5.1,7,2,8,0
8/26/2026 8:31,karachi,161,Unhealthy,161,,,,,,31.0,3.0,5.1,8,2,8,0
8/26/2026 9:31,karachi,161,Unhealthy,161,,,,,,31.0,3.0,5.1,9,2,8,0
8/26/2026 10:24,karachi,161,Unhealthy,161,,,,,,31.0,3.0,5.1,10,2,8,0
8/26/2026 11:19,karachi,161,Unhealthy,161,,,,,,31.0,3.0,5.1,11,2,8,0
8/26/2026 12:30,karachi,161,Unhealthy,161,,,,,,31.0,3.0,5.1,12,2,8,0
8/26/2026 13:44,karachi,161,Unhealthy,161,,,,,,31.0,3.0,5.1,13,2,8,0
8/26/2026 14:34,karachi,161,Unhealthy,161,,,,,,31.0,3.0,5.1,14,2,8,0
8/26/2026 16:09,karachi,161,Unhealthy,161,,,,,,31.0,3.0,5.1,16,2,8,0
8/26/2026 18:48,karachi,161,Unhealthy,161,,,,,,31.0,3.0,5.1,18,2,8,0
8/26/2026 21:28,karachi,161,Unhealthy,161,,,,,,31.0,3.0,5.1,21,2,8,0
8/27/2026 2:24,karachi,161,Unhealthy,161,,,,,,31.0,3.0,5.1,2,3,8,0
8/27/2026 13:20,karachi,161,Unhealthy,161,,,,,,31.0,3.0,5.1,13,3,8,0
8/27/2026 23:21,karachi,161,Unhealthy,161,,,,,,31.0,3.0,5.1,23,3,8,0
8/28/2026 7:57,karachi,161,Unhealthy,161,,,,,,31.0,3.0,5.1,7,4,8,0
2026-08-31 01:59:19,karachi,161,Unhealthy,161,,,,,,31.0,3.0,5.1,1,0,8,0
2026-08-31 02:29:27,karachi,161,Unhealthy,161,,,,,,31.0,3.0,5.1,2,0,8,0
2026-08-31 00:11:10,karachi,161,Unhealthy,161,,,,,,31.0,3.0,5.1,0,0,8,0
2026-08-31 06:38:15,karachi,161,Unhealthy,161,,,,,,31.0,3.0,5.1,6,0,8,0
2026-08-31 14:48:51,karachi,161,Unhealthy,161,,,,,,31.0,3.0,5.1,14,0,8,0
2026-08-31 20:38:25,karachi,161,Unhealthy,161,,,,,,31.0,3.0,5.1,20,0,8,0
2026-09-01 00:22:27,karachi,161,Unhealthy,161,,,,,,31.0,3.0,5.1,0,1,9,0
2026-09-01 05:59:36,karachi,161,Unhealthy,161,,,,,,31.0,3.0,5.1,5,1,9,0
2026-09-01 11:32:50,karachi,161,Unhealthy,161,,,,,,31.0,3.0,5.1,11,1,9,0
2026-09-01 16:01:13,karachi,161,Unhealthy,161,,,,,,31.0,3.0,5.1,16,1,9,0
2026-09-01 19:44:01,karachi,161,Unhealthy,161,,,,,,31.0,3.0,5.1,19,1,9,0
2026-09-01 22:21:30,karachi,161,Unhealthy,161,,,,,,31.0,3.0,5.1,22,1,9,0
2026-09-02 00:48:03,karachi,161,Unhealthy,161,,,,,,31.0,3.0,5.1,0,2,9,0
2026-09-02 05:25:31,karachi,161,Unhealthy,161,,,,,,31.0,3.0,5.1,5,2,9,0
2026-09-02 10:34:31,karachi,161,Unhealthy,161,,,,,,31.0,3.0,5.1,10,2,9,0
2026-09-02 14:56:50,karachi,161,Unhealthy,161,,,,,,31.0,3.0,5.1,14,2,9,0
2026-09-02 18:27:30,karachi,161,Unhealthy,161,,,,,,31.0,3.0,5.1,18,2,9,0
2026-09-02 21:34:07,karachi,161,Unhealthy,161,,,,,,31.0,3.0,5.1,21,2,9,0
2026-09-02 23:50:00,karachi,161,Unhealthy,161,,,,,,31.0,3.0,5.1,23,2,9,0
2026-09-03 02:49:40,karachi,161,Unhealthy,161,,,,,,31.0,3.0,5.1,2,3,9,0
2026-09-03 07:44:53,karachi,161,Unhealthy,161,,,,,,31.0,3.0,5.1,7,3,9,0
2026-09-03 12:34:11,karachi,161,Unhealthy,161,,,,,,31.0,3.0,5.1,12,3,9,0
2026-09-03 16:54:40,karachi,161,Unhealthy,161,,,,,,31.0,3.0,5.1,16,3,9,0
2026-09-03 19:37:43,karachi,161,Unhealthy,161,,,,,,31.0,3.0,5.1,19,3,9,0
2026-09-03 22:14:44,karachi,161,Unhealthy,161,,,,,,31.0,3.0,5.1,22,3,9,0
2026-09-04 00:43:41,karachi,161,Unhealthy,161,,,,,,31.0,3.0,5.1,0,4,9,0
2026-09-04 05:27:41,karachi,161,Unhealthy,161,,,,,,31.0,3.0,5.1,5,4,9,0
2026-09-04 10:32:23,karachi,161,Unhealthy,161,,,,,,31.0,3.0,5.1,10,4,9,0
